"","smile","sig_id"
"1","COC(=O)c1csc(n1)C(=O)c2c[nH]c3ccccc23","CPC002_HA1E_6H:BRD-K60298136-001-01-7:10"
"2","COC(=O)c1csc(n1)C(=O)c2c[nH]c3ccccc23","CPC002_HCC515_6H:BRD-K60298136-001-01-7:10"
"3","COC(=O)c1csc(n1)C(=O)c2c[nH]c3ccccc23","CPC002_PC3_6H:BRD-K60298136-001-01-7:10"
"4","COC(=O)c1csc(n1)C(=O)c2c[nH]c3ccccc23","CPC002_VCAP_6H:BRD-K60298136-001-01-7:10"
"5","COC(=O)c1csc(n1)C(=O)c2c[nH]c3ccccc23","CPC017_A375_6H:BRD-K60298136-001-01-7:10"
"6","COC(=O)c1csc(n1)C(=O)c2c[nH]c3ccccc23","CPC017_A549_6H:BRD-K60298136-001-01-7:10"
"7","COC(=O)c1csc(n1)C(=O)c2c[nH]c3ccccc23","CPC017_HEPG2_6H:BRD-K60298136-001-01-7:10"
"8","COC(=O)c1csc(n1)C(=O)c2c[nH]c3ccccc23","CPC017_HT29_6H:BRD-K60298136-001-01-7:10"
"9","COC(=O)c1csc(n1)C(=O)c2c[nH]c3ccccc23","CPC017_MCF7_6H:BRD-K60298136-001-01-7:10"
"10","COCC(=O)NC\C=C\c1ccc2ncnc(Nc3ccc(Oc4ccc(C)nc4)c(C)c3)c2c1","CPC013_A375_6H:BRD-K76908866-001-01-9:10"
"11","COCC(=O)NC\C=C\c1ccc2ncnc(Nc3ccc(Oc4ccc(C)nc4)c(C)c3)c2c1","CPC013_A549_6H:BRD-K76908866-001-01-9:10"
"12","COCC(=O)NC\C=C\c1ccc2ncnc(Nc3ccc(Oc4ccc(C)nc4)c(C)c3)c2c1","CPC013_HA1E_6H:BRD-K76908866-001-01-9:10"
"13","COCC(=O)NC\C=C\c1ccc2ncnc(Nc3ccc(Oc4ccc(C)nc4)c(C)c3)c2c1","CPC013_HCC515_6H:BRD-K76908866-001-02-7:10"
"14","COCC(=O)NC\C=C\c1ccc2ncnc(Nc3ccc(Oc4ccc(C)nc4)c(C)c3)c2c1","CPC013_HEPG2_6H:BRD-K76908866-001-01-9:10"
"15","COCC(=O)NC\C=C\c1ccc2ncnc(Nc3ccc(Oc4ccc(C)nc4)c(C)c3)c2c1","CPC013_HT29_6H:BRD-K76908866-001-02-7:10"
"16","COCC(=O)NC\C=C\c1ccc2ncnc(Nc3ccc(Oc4ccc(C)nc4)c(C)c3)c2c1","CPC013_PC3_6H:BRD-K76908866-001-01-9:10"
"17","COCC(=O)NC\C=C\c1ccc2ncnc(Nc3ccc(Oc4ccc(C)nc4)c(C)c3)c2c1","CPC013_VCAP_6H:BRD-K76908866-001-01-9:10"
"18","COCC(=O)NC\C=C\c1ccc2ncnc(Nc3ccc(Oc4ccc(C)nc4)c(C)c3)c2c1","LJP001_MCF7_6H:BRD-K76908866-001-03-5:10"
"19","CCCCC(=O)O[C@H]1CCC2C3CCc4cc(O)ccc4C3CC[C@]12C","CPC001_HA1E_6H:BRD-A39747742-001-03-5:10"
"20","CCCCC(=O)O[C@H]1CCC2C3CCc4cc(O)ccc4C3CC[C@]12C","CPC001_HCC515_6H:BRD-A39747742-001-03-5:10"
"21","CCCCC(=O)O[C@H]1CCC2C3CCc4cc(O)ccc4C3CC[C@]12C","CPC001_PC3_6H:BRD-A39747742-001-03-5:10"
"22","CCCCC(=O)O[C@H]1CCC2C3CCc4cc(O)ccc4C3CC[C@]12C","CPC001_VCAP_6H:BRD-A39747742-001-03-5:10"
"23","CCCCC(=O)O[C@H]1CCC2C3CCc4cc(O)ccc4C3CC[C@]12C","CPC017_A375_6H:BRD-A39747742-001-03-5:10"
"24","CCCCC(=O)O[C@H]1CCC2C3CCc4cc(O)ccc4C3CC[C@]12C","CPC017_A549_6H:BRD-A39747742-001-03-5:10"
"25","CCCCC(=O)O[C@H]1CCC2C3CCc4cc(O)ccc4C3CC[C@]12C","CPC017_HEPG2_6H:BRD-A39747742-001-03-5:10"
"26","CCCCC(=O)O[C@H]1CCC2C3CCc4cc(O)ccc4C3CC[C@]12C","CPC017_HT29_6H:BRD-A39747742-001-03-5:10"
"27","CCCCC(=O)O[C@H]1CCC2C3CCc4cc(O)ccc4C3CC[C@]12C","CPC017_MCF7_6H:BRD-A39747742-001-03-5:10"
"28","CCCCC1C(=O)N(N(C1=O)c1ccccc1)c1ccccc1","CPC002_HA1E_6H:BRD-K10843433-001-12-8:10"
"29","CCCCC1C(=O)N(N(C1=O)c1ccccc1)c1ccccc1","CPC002_HCC515_6H:BRD-K10843433-001-12-8:10"
"30","CCCCC1C(=O)N(N(C1=O)c1ccccc1)c1ccccc1","CPC002_PC3_6H:BRD-K10843433-001-12-8:10"
"31","CCCCC1C(=O)N(N(C1=O)c1ccccc1)c1ccccc1","CPC002_VCAP_6H:BRD-K10843433-001-12-8:10"
"32","CCCCC1C(=O)N(N(C1=O)c1ccccc1)c1ccccc1","CPC018_A375_6H:BRD-K10843433-001-12-8:10"
"33","CCCCC1C(=O)N(N(C1=O)c1ccccc1)c1ccccc1","CPC018_A549_6H:BRD-K10843433-001-12-8:10"
"34","CCCCC1C(=O)N(N(C1=O)c1ccccc1)c1ccccc1","CPC018_HEPG2_6H:BRD-K10843433-001-12-8:10"
"35","CCCCC1C(=O)N(N(C1=O)c1ccccc1)c1ccccc1","CPC018_HT29_6H:BRD-K10843433-001-12-8:10"
"36","CCCCC1C(=O)N(N(C1=O)c1ccccc1)c1ccccc1","CPD003_MCF7_6H:BRD-K10843433-001-15-1:10"
"37","CN(C)C\C=C\C(=O)Nc1cc2c(Nc3ccc(F)c(Cl)c3)ncnc2cc1O[C@H]1CCOC1","CPC013_A375_6H:BRD-K66175015-001-01-7:10"
"38","CN(C)C\C=C\C(=O)Nc1cc2c(Nc3ccc(F)c(Cl)c3)ncnc2cc1O[C@H]1CCOC1","CPC013_A549_6H:BRD-K66175015-001-01-7:10"
"39","CN(C)C\C=C\C(=O)Nc1cc2c(Nc3ccc(F)c(Cl)c3)ncnc2cc1O[C@H]1CCOC1","CPC013_HA1E_6H:BRD-K66175015-001-01-7:10"
"40","CN(C)C\C=C\C(=O)Nc1cc2c(Nc3ccc(F)c(Cl)c3)ncnc2cc1O[C@H]1CCOC1","CPC013_HCC515_6H:BRD-K66175015-001-01-7:10"
"41","CN(C)C\C=C\C(=O)Nc1cc2c(Nc3ccc(F)c(Cl)c3)ncnc2cc1O[C@H]1CCOC1","CPC013_HEPG2_6H:BRD-K66175015-001-01-7:10"
"42","CN(C)C\C=C\C(=O)Nc1cc2c(Nc3ccc(F)c(Cl)c3)ncnc2cc1O[C@H]1CCOC1","CPC013_HT29_6H:BRD-K66175015-001-01-7:10"
"43","CN(C)C\C=C\C(=O)Nc1cc2c(Nc3ccc(F)c(Cl)c3)ncnc2cc1O[C@H]1CCOC1","CPC013_MCF7_6H:BRD-K66175015-001-01-7:10"
"44","CN(C)C\C=C\C(=O)Nc1cc2c(Nc3ccc(F)c(Cl)c3)ncnc2cc1O[C@H]1CCOC1","CPC013_PC3_6H:BRD-K66175015-001-01-7:10"
"45","CN(C)C\C=C\C(=O)Nc1cc2c(Nc3ccc(F)c(Cl)c3)ncnc2cc1O[C@H]1CCOC1","CPC013_VCAP_6H:BRD-K66175015-001-01-7:10"
"46","COCC[n+]1c(C)n(Cc2cnccn2)c2c1C(=O)c1ccccc1C2=O","CPC013_A375_6H:BRD-K24681473-004-01-4:10"
"47","COCC[n+]1c(C)n(Cc2cnccn2)c2c1C(=O)c1ccccc1C2=O","CPC013_A549_6H:BRD-K24681473-004-01-4:10"
"48","COCC[n+]1c(C)n(Cc2cnccn2)c2c1C(=O)c1ccccc1C2=O","CPC013_HA1E_6H:BRD-K24681473-004-01-4:10"
"49","COCC[n+]1c(C)n(Cc2cnccn2)c2c1C(=O)c1ccccc1C2=O","CPC013_HCC515_6H:BRD-K24681473-004-01-4:10"
"50","COCC[n+]1c(C)n(Cc2cnccn2)c2c1C(=O)c1ccccc1C2=O","CPC013_HEPG2_6H:BRD-K24681473-004-01-4:10"
"51","COCC[n+]1c(C)n(Cc2cnccn2)c2c1C(=O)c1ccccc1C2=O","CPC013_HT29_6H:BRD-K24681473-004-01-4:10"
"52","COCC[n+]1c(C)n(Cc2cnccn2)c2c1C(=O)c1ccccc1C2=O","CPC013_MCF7_6H:BRD-K24681473-004-01-4:10"
"53","COCC[n+]1c(C)n(Cc2cnccn2)c2c1C(=O)c1ccccc1C2=O","CPC013_PC3_6H:BRD-K24681473-004-01-4:10"
"54","COCC[n+]1c(C)n(Cc2cnccn2)c2c1C(=O)c1ccccc1C2=O","CPC013_VCAP_6H:BRD-K24681473-004-01-4:10"
"55","Nc1nc2n(CCc3ccccc3)ncc2c2nc(nn12)-c1ccco1","CPC001_HA1E_6H:BRD-K81225797-001-01-5:10"
"56","Nc1nc2n(CCc3ccccc3)ncc2c2nc(nn12)-c1ccco1","CPC001_HCC515_6H:BRD-K81225797-001-01-5:10"
"57","Nc1nc2n(CCc3ccccc3)ncc2c2nc(nn12)-c1ccco1","CPC001_PC3_6H:BRD-K81225797-001-01-5:10"
"58","Nc1nc2n(CCc3ccccc3)ncc2c2nc(nn12)-c1ccco1","CPC001_VCAP_6H:BRD-K81225797-001-01-5:10"
"59","Nc1nc2n(CCc3ccccc3)ncc2c2nc(nn12)-c1ccco1","CPC017_A375_6H:BRD-K81225797-001-01-5:10"
"60","Nc1nc2n(CCc3ccccc3)ncc2c2nc(nn12)-c1ccco1","CPC017_A549_6H:BRD-K81225797-001-01-5:10"
"61","Nc1nc2n(CCc3ccccc3)ncc2c2nc(nn12)-c1ccco1","CPC017_HEPG2_6H:BRD-K81225797-001-01-5:10"
"62","Nc1nc2n(CCc3ccccc3)ncc2c2nc(nn12)-c1ccco1","CPC017_HT29_6H:BRD-K81225797-001-01-5:10"
"63","Nc1nc2n(CCc3ccccc3)ncc2c2nc(nn12)-c1ccco1","CPC017_MCF7_6H:BRD-K81225797-001-01-5:10"
"64","Oc1ccc2[nH]c3cc(c4C(=O)NC(=O)c4c3c2c1)-c1ccccc1","CPC001_HA1E_6H:BRD-K82823804-001-01-7:10"
"65","Oc1ccc2[nH]c3cc(c4C(=O)NC(=O)c4c3c2c1)-c1ccccc1","CPC001_HCC515_6H:BRD-K82823804-001-01-7:10"
"66","Oc1ccc2[nH]c3cc(c4C(=O)NC(=O)c4c3c2c1)-c1ccccc1","CPC001_PC3_6H:BRD-K82823804-001-01-7:10"
"67","Oc1ccc2[nH]c3cc(c4C(=O)NC(=O)c4c3c2c1)-c1ccccc1","CPC001_VCAP_6H:BRD-K82823804-001-01-7:10"
"68","Oc1ccc2[nH]c3cc(c4C(=O)NC(=O)c4c3c2c1)-c1ccccc1","CPC017_A375_6H:BRD-K82823804-001-01-7:10"
"69","Oc1ccc2[nH]c3cc(c4C(=O)NC(=O)c4c3c2c1)-c1ccccc1","CPC017_A549_6H:BRD-K82823804-001-01-7:10"
"70","Oc1ccc2[nH]c3cc(c4C(=O)NC(=O)c4c3c2c1)-c1ccccc1","CPC017_HEPG2_6H:BRD-K82823804-001-01-7:10"
"71","Oc1ccc2[nH]c3cc(c4C(=O)NC(=O)c4c3c2c1)-c1ccccc1","CPC017_HT29_6H:BRD-K82823804-001-01-7:10"
"72","Oc1ccc2[nH]c3cc(c4C(=O)NC(=O)c4c3c2c1)-c1ccccc1","CPC017_MCF7_6H:BRD-K82823804-001-01-7:10"
"73","Cc1cnc(Nc2ccc(OCCN3CCCC3)cc2)nc1Nc1cccc(c1)S(=O)(=O)NC(C)(C)C","CPC006_A375_6H:BRD-K12502280-001-01-5:11.1"
"74","Cc1cnc(Nc2ccc(OCCN3CCCC3)cc2)nc1Nc1cccc(c1)S(=O)(=O)NC(C)(C)C","CPC006_A549_6H:BRD-K12502280-001-01-5:11.1"
"75","Cc1cnc(Nc2ccc(OCCN3CCCC3)cc2)nc1Nc1cccc(c1)S(=O)(=O)NC(C)(C)C","CPC006_HA1E_6H:BRD-K12502280-001-01-5:11.1"
"76","Cc1cnc(Nc2ccc(OCCN3CCCC3)cc2)nc1Nc1cccc(c1)S(=O)(=O)NC(C)(C)C","CPC006_HCC515_6H:BRD-K12502280-001-01-5:11.1"
"77","Cc1cnc(Nc2ccc(OCCN3CCCC3)cc2)nc1Nc1cccc(c1)S(=O)(=O)NC(C)(C)C","CPC006_HEPG2_6H:BRD-K12502280-001-01-5:11.1"
"78","Cc1cnc(Nc2ccc(OCCN3CCCC3)cc2)nc1Nc1cccc(c1)S(=O)(=O)NC(C)(C)C","CPC006_HT29_6H:BRD-K12502280-001-01-5:11.1"
"79","Cc1cnc(Nc2ccc(OCCN3CCCC3)cc2)nc1Nc1cccc(c1)S(=O)(=O)NC(C)(C)C","CPC006_MCF7_6H:BRD-K12502280-001-01-5:11.1"
"80","Cc1cnc(Nc2ccc(OCCN3CCCC3)cc2)nc1Nc1cccc(c1)S(=O)(=O)NC(C)(C)C","CPC006_PC3_6H:BRD-K12502280-001-01-5:11.1"
"81","Cc1cnc(Nc2ccc(OCCN3CCCC3)cc2)nc1Nc1cccc(c1)S(=O)(=O)NC(C)(C)C","CPC006_VCAP_6H:BRD-K12502280-001-01-5:11.1"
"82","CC#CCC(C)[C@H](O)\C=C\[C@H]1[C@H](O)C[C@@H]2C\C(C[C@H]12)=C/CCCC(O)=O","AML001_PC3_6H:BRD-A45664787:10"
"83","CC#CCC(C)[C@H](O)\C=C\[C@H]1[C@H](O)C[C@@H]2C\C(C[C@H]12)=C/CCCC(O)=O","CPC013_A375_6H:BRD-A45664787-001-01-4:10"
"84","CC#CCC(C)[C@H](O)\C=C\[C@H]1[C@H](O)C[C@@H]2C\C(C[C@H]12)=C/CCCC(O)=O","CPC013_A549_6H:BRD-A45664787-001-01-4:10"
"85","CC#CCC(C)[C@H](O)\C=C\[C@H]1[C@H](O)C[C@@H]2C\C(C[C@H]12)=C/CCCC(O)=O","CPC013_HA1E_6H:BRD-A45664787-001-01-4:10"
"86","CC#CCC(C)[C@H](O)\C=C\[C@H]1[C@H](O)C[C@@H]2C\C(C[C@H]12)=C/CCCC(O)=O","CPC013_HCC515_6H:BRD-A45664787-001-01-4:10"
"87","CC#CCC(C)[C@H](O)\C=C\[C@H]1[C@H](O)C[C@@H]2C\C(C[C@H]12)=C/CCCC(O)=O","CPC013_HEPG2_6H:BRD-A45664787-001-01-4:10"
"88","CC#CCC(C)[C@H](O)\C=C\[C@H]1[C@H](O)C[C@@H]2C\C(C[C@H]12)=C/CCCC(O)=O","CPC013_HT29_6H:BRD-A45664787-001-01-4:10"
"89","CC#CCC(C)[C@H](O)\C=C\[C@H]1[C@H](O)C[C@@H]2C\C(C[C@H]12)=C/CCCC(O)=O","CPC013_MCF7_6H:BRD-A45664787-001-01-4:10"
"90","CC#CCC(C)[C@H](O)\C=C\[C@H]1[C@H](O)C[C@@H]2C\C(C[C@H]12)=C/CCCC(O)=O","CPC013_VCAP_6H:BRD-A45664787-001-01-4:10"
"91","Cc1ccc(NC(=O)c2cccc(c2)C(C)(C)C#N)cc1Nc1ccc2ncn(C)c(=O)c2c1","CPC014_A375_6H:BRD-K05804044-001-01-1:10"
"92","Cc1ccc(NC(=O)c2cccc(c2)C(C)(C)C#N)cc1Nc1ccc2ncn(C)c(=O)c2c1","CPC014_A549_6H:BRD-K05804044-001-01-1:10"
"93","Cc1ccc(NC(=O)c2cccc(c2)C(C)(C)C#N)cc1Nc1ccc2ncn(C)c(=O)c2c1","CPC014_HA1E_6H:BRD-K05804044-001-01-1:10"
"94","Cc1ccc(NC(=O)c2cccc(c2)C(C)(C)C#N)cc1Nc1ccc2ncn(C)c(=O)c2c1","CPC014_HCC515_6H:BRD-K05804044-001-01-1:10"
"95","Cc1ccc(NC(=O)c2cccc(c2)C(C)(C)C#N)cc1Nc1ccc2ncn(C)c(=O)c2c1","CPC014_HEPG2_6H:BRD-K05804044-001-01-1:10"
"96","Cc1ccc(NC(=O)c2cccc(c2)C(C)(C)C#N)cc1Nc1ccc2ncn(C)c(=O)c2c1","CPC014_HT29_6H:BRD-K05804044-001-01-1:10"
"97","Cc1ccc(NC(=O)c2cccc(c2)C(C)(C)C#N)cc1Nc1ccc2ncn(C)c(=O)c2c1","CPC014_MCF7_6H:BRD-K05804044-001-01-1:10"
"98","Cc1ccc(NC(=O)c2cccc(c2)C(C)(C)C#N)cc1Nc1ccc2ncn(C)c(=O)c2c1","CPC014_PC3_6H:BRD-K05804044-001-01-1:10"
"99","Cc1ccc(NC(=O)c2cccc(c2)C(C)(C)C#N)cc1Nc1ccc2ncn(C)c(=O)c2c1","CPC014_VCAP_6H:BRD-K05804044-001-01-1:10"
"100","CNC(=O)Nc1ccc(cc1)-c1nc(N2CC3CCC(C2)O3)c2cnn(C3CCC4(CC3)OCCO4)c2n1","CPC014_A375_6H:BRD-A45498368-001-02-2:10"
"101","CNC(=O)Nc1ccc(cc1)-c1nc(N2CC3CCC(C2)O3)c2cnn(C3CCC4(CC3)OCCO4)c2n1","CPC014_A549_6H:BRD-A45498368-001-02-2:10"
"102","CNC(=O)Nc1ccc(cc1)-c1nc(N2CC3CCC(C2)O3)c2cnn(C3CCC4(CC3)OCCO4)c2n1","CPC014_HA1E_6H:BRD-A45498368-001-02-2:10"
"103","CNC(=O)Nc1ccc(cc1)-c1nc(N2CC3CCC(C2)O3)c2cnn(C3CCC4(CC3)OCCO4)c2n1","CPC014_HCC515_6H:BRD-A45498368-001-02-2:10"
"104","CNC(=O)Nc1ccc(cc1)-c1nc(N2CC3CCC(C2)O3)c2cnn(C3CCC4(CC3)OCCO4)c2n1","CPC014_HEPG2_6H:BRD-A45498368-001-02-2:10"
"105","CNC(=O)Nc1ccc(cc1)-c1nc(N2CC3CCC(C2)O3)c2cnn(C3CCC4(CC3)OCCO4)c2n1","CPC014_HT29_6H:BRD-A45498368-001-02-2:10"
"106","CNC(=O)Nc1ccc(cc1)-c1nc(N2CC3CCC(C2)O3)c2cnn(C3CCC4(CC3)OCCO4)c2n1","CPC014_PC3_6H:BRD-A45498368-001-02-2:10"
"107","CNC(=O)Nc1ccc(cc1)-c1nc(N2CC3CCC(C2)O3)c2cnn(C3CCC4(CC3)OCCO4)c2n1","CPC014_VCAP_6H:BRD-A45498368-001-02-2:10"
"108","CNC(=O)Nc1ccc(cc1)-c1nc(N2CC3CCC(C2)O3)c2cnn(C3CCC4(CC3)OCCO4)c2n1","LJP001_MCF7_6H:BRD-A45498368-001-03-0:10"
"109","COc1cc(OC)c(/C=C\2/C(=O)Nc3ccccc23)c(OC)c1","CPC001_HA1E_6H:BRD-K09638361-001-01-4:10"
"110","COc1cc(OC)c(/C=C\2/C(=O)Nc3ccccc23)c(OC)c1","CPC001_HCC515_6H:BRD-K09638361-001-01-4:10"
"111","COc1cc(OC)c(/C=C\2/C(=O)Nc3ccccc23)c(OC)c1","CPC001_PC3_6H:BRD-K09638361-001-01-4:10"
"112","COc1cc(OC)c(/C=C\2/C(=O)Nc3ccccc23)c(OC)c1","CPC001_VCAP_6H:BRD-K09638361-001-01-4:10"
"113","COc1cc(OC)c(/C=C\2/C(=O)Nc3ccccc23)c(OC)c1","CPC017_A375_6H:BRD-K09638361-001-01-4:10"
"114","COc1cc(OC)c(/C=C\2/C(=O)Nc3ccccc23)c(OC)c1","CPC017_A549_6H:BRD-K09638361-001-01-4:10"
"115","COc1cc(OC)c(/C=C\2/C(=O)Nc3ccccc23)c(OC)c1","CPC017_HEPG2_6H:BRD-K09638361-001-01-4:10"
"116","COc1cc(OC)c(/C=C\2/C(=O)Nc3ccccc23)c(OC)c1","CPC017_HT29_6H:BRD-K09638361-001-01-4:10"
"117","COc1cc(OC)c(/C=C\2/C(=O)Nc3ccccc23)c(OC)c1","MUC.CP004_MCF7_6H:BRD-K09638361-001-01-4:3.3333"
"118","Cn1cc(C=C2C(=O)Nc3cccnc23)c4ccccc14","CPC002_HA1E_6H:BRD-K04146668-001-01-3:10"
"119","Cn1cc(C=C2C(=O)Nc3cccnc23)c4ccccc14","CPC002_HCC515_6H:BRD-K04146668-001-01-3:10"
"120","Cn1cc(C=C2C(=O)Nc3cccnc23)c4ccccc14","CPC002_PC3_6H:BRD-K04146668-001-01-3:10"
"121","Cn1cc(C=C2C(=O)Nc3cccnc23)c4ccccc14","CPC002_VCAP_6H:BRD-K04146668-001-01-3:10"
"122","Cn1cc(C=C2C(=O)Nc3cccnc23)c4ccccc14","CPC016_A375_6H:BRD-K04146668-001-01-3:10"
"123","Cn1cc(C=C2C(=O)Nc3cccnc23)c4ccccc14","CPC016_A549_6H:BRD-K04146668-001-01-3:10"
"124","Cn1cc(C=C2C(=O)Nc3cccnc23)c4ccccc14","CPC016_HEPG2_6H:BRD-K04146668-001-01-3:10"
"125","Cn1cc(C=C2C(=O)Nc3cccnc23)c4ccccc14","CPC016_HT29_6H:BRD-K04146668-001-01-3:10"
"126","Cn1cc(C=C2C(=O)Nc3cccnc23)c4ccccc14","CPC016_MCF7_6H:BRD-K04146668-001-01-3:10"
"127","CN1CCN(Cc2ccc(cc2)C(=O)Nc2ccc(C)c(Nc3nc(cs3)-c3cccnc3)c2)CC1","CPC014_A375_6H:BRD-K71035033-001-01-4:10"
"128","CN1CCN(Cc2ccc(cc2)C(=O)Nc2ccc(C)c(Nc3nc(cs3)-c3cccnc3)c2)CC1","CPC014_A549_6H:BRD-K71035033-001-01-4:10"
"129","CN1CCN(Cc2ccc(cc2)C(=O)Nc2ccc(C)c(Nc3nc(cs3)-c3cccnc3)c2)CC1","CPC014_HA1E_6H:BRD-K71035033-001-01-4:10"
"130","CN1CCN(Cc2ccc(cc2)C(=O)Nc2ccc(C)c(Nc3nc(cs3)-c3cccnc3)c2)CC1","CPC014_HCC515_6H:BRD-K71035033-001-01-4:10"
"131","CN1CCN(Cc2ccc(cc2)C(=O)Nc2ccc(C)c(Nc3nc(cs3)-c3cccnc3)c2)CC1","CPC014_HEPG2_6H:BRD-K71035033-001-01-4:10"
"132","CN1CCN(Cc2ccc(cc2)C(=O)Nc2ccc(C)c(Nc3nc(cs3)-c3cccnc3)c2)CC1","CPC014_HT29_6H:BRD-K71035033-001-01-4:10"
"133","CN1CCN(Cc2ccc(cc2)C(=O)Nc2ccc(C)c(Nc3nc(cs3)-c3cccnc3)c2)CC1","CPC014_MCF7_6H:BRD-K71035033-001-01-4:10"
"134","CN1CCN(Cc2ccc(cc2)C(=O)Nc2ccc(C)c(Nc3nc(cs3)-c3cccnc3)c2)CC1","CPC014_PC3_6H:BRD-K71035033-001-01-4:10"
"135","CN1CCN(Cc2ccc(cc2)C(=O)Nc2ccc(C)c(Nc3nc(cs3)-c3cccnc3)c2)CC1","CPC014_VCAP_6H:BRD-K71035033-001-01-4:10"
"136","Clc1ccc(Cl)c(SCC(=O)N\N=C\c2ccc[nH]2)c1","CPC008_A549_6H:BRD-K92817986-001-03-3:10"
"137","Clc1ccc(Cl)c(SCC(=O)N\N=C\c2ccc[nH]2)c1","CPC008_HCC515_6H:BRD-K92817986-001-03-3:10"
"138","Clc1ccc(Cl)c(SCC(=O)N\N=C\c2ccc[nH]2)c1","CPC019_A375_6H:BRD-K92817986-001-01-7:10"
"139","Clc1ccc(Cl)c(SCC(=O)N\N=C\c2ccc[nH]2)c1","CPC019_HA1E_6H:BRD-K92817986-001-01-7:10"
"140","Clc1ccc(Cl)c(SCC(=O)N\N=C\c2ccc[nH]2)c1","CPC019_HEPG2_6H:BRD-K92817986-001-01-7:10"
"141","Clc1ccc(Cl)c(SCC(=O)N\N=C\c2ccc[nH]2)c1","CPC019_HT29_6H:BRD-K92817986-001-01-7:10"
"142","Clc1ccc(Cl)c(SCC(=O)N\N=C\c2ccc[nH]2)c1","CPC019_MCF7_6H:BRD-K92817986-001-01-7:10"
"143","Clc1ccc(Cl)c(SCC(=O)N\N=C\c2ccc[nH]2)c1","CPC019_PC3_6H:BRD-K92817986-001-01-7:10"
"144","Clc1ccc(Cl)c(SCC(=O)N\N=C\c2ccc[nH]2)c1","CPC019_VCAP_6H:BRD-K92817986-001-01-7:10"
"145","CCOc1cc2ncc(C#N)c(Nc3ccc(OCc4ccccn4)c(Cl)c3)c2cc1NC(=O)\C=C\CN(C)C","CPC006_A375_6H:BRD-K85606544-001-01-8:10"
"146","CCOc1cc2ncc(C#N)c(Nc3ccc(OCc4ccccn4)c(Cl)c3)c2cc1NC(=O)\C=C\CN(C)C","CPC006_A549_6H:BRD-K85606544-001-01-8:10"
"147","CCOc1cc2ncc(C#N)c(Nc3ccc(OCc4ccccn4)c(Cl)c3)c2cc1NC(=O)\C=C\CN(C)C","CPC006_HA1E_6H:BRD-K85606544-001-01-8:10"
"148","CCOc1cc2ncc(C#N)c(Nc3ccc(OCc4ccccn4)c(Cl)c3)c2cc1NC(=O)\C=C\CN(C)C","CPC006_HCC515_6H:BRD-K85606544-001-01-8:10"
"149","CCOc1cc2ncc(C#N)c(Nc3ccc(OCc4ccccn4)c(Cl)c3)c2cc1NC(=O)\C=C\CN(C)C","CPC006_HEPG2_6H:BRD-K85606544-001-01-8:10"
"150","CCOc1cc2ncc(C#N)c(Nc3ccc(OCc4ccccn4)c(Cl)c3)c2cc1NC(=O)\C=C\CN(C)C","CPC006_HT29_6H:BRD-K85606544-001-01-8:10"
"151","CCOc1cc2ncc(C#N)c(Nc3ccc(OCc4ccccn4)c(Cl)c3)c2cc1NC(=O)\C=C\CN(C)C","CPC006_PC3_6H:BRD-K85606544-001-01-8:10"
"152","CCOc1cc2ncc(C#N)c(Nc3ccc(OCc4ccccn4)c(Cl)c3)c2cc1NC(=O)\C=C\CN(C)C","CPC006_VCAP_6H:BRD-K85606544-001-01-8:10"
"153","CCOc1cc2ncc(C#N)c(Nc3ccc(OCc4ccccn4)c(Cl)c3)c2cc1NC(=O)\C=C\CN(C)C","LJP001_MCF7_6H:BRD-K85606544-001-04-2:10"
"154","Oc1cc2CCN(CC=C)CC(c3ccccc3)c2cc1O","CPC001_HA1E_6H:BRD-A64227845-004-02-8:10"
"155","Oc1cc2CCN(CC=C)CC(c3ccccc3)c2cc1O","CPC001_HCC515_6H:BRD-A64227845-004-02-8:10"
"156","Oc1cc2CCN(CC=C)CC(c3ccccc3)c2cc1O","CPC001_PC3_6H:BRD-A64227845-004-02-8:10"
"157","Oc1cc2CCN(CC=C)CC(c3ccccc3)c2cc1O","CPC001_VCAP_6H:BRD-A64227845-004-02-8:10"
"158","Oc1cc2CCN(CC=C)CC(c3ccccc3)c2cc1O","CPC016_A375_6H:BRD-A64227845-004-02-8:10"
"159","Oc1cc2CCN(CC=C)CC(c3ccccc3)c2cc1O","CPC016_A549_6H:BRD-A64227845-004-02-8:10"
"160","Oc1cc2CCN(CC=C)CC(c3ccccc3)c2cc1O","CPC016_HEPG2_6H:BRD-A64227845-004-02-8:10"
"161","Oc1cc2CCN(CC=C)CC(c3ccccc3)c2cc1O","CPC016_HT29_6H:BRD-A64227845-004-02-8:10"
"162","Oc1cc2CCN(CC=C)CC(c3ccccc3)c2cc1O","CPC016_MCF7_6H:BRD-A64227845-004-02-8:10"
"163","COc1cccc2C(=O)c3c(O)c4C[C@](O)(C[C@H](O[C@H]5C[C@H](N)[C@H](O[C@@H]6CCCCO6)[C@H](C)O5)c4c(O)c3C(=O)c12)C(=O)CO","CPC014_A375_6H:BRD-K83794624-001-01-7:10"
"164","COc1cccc2C(=O)c3c(O)c4C[C@](O)(C[C@H](O[C@H]5C[C@H](N)[C@H](O[C@@H]6CCCCO6)[C@H](C)O5)c4c(O)c3C(=O)c12)C(=O)CO","CPC014_A549_6H:BRD-K83794624-001-01-7:10"
"165","COc1cccc2C(=O)c3c(O)c4C[C@](O)(C[C@H](O[C@H]5C[C@H](N)[C@H](O[C@@H]6CCCCO6)[C@H](C)O5)c4c(O)c3C(=O)c12)C(=O)CO","CPC014_HA1E_6H:BRD-K83794624-001-01-7:10"
"166","COc1cccc2C(=O)c3c(O)c4C[C@](O)(C[C@H](O[C@H]5C[C@H](N)[C@H](O[C@@H]6CCCCO6)[C@H](C)O5)c4c(O)c3C(=O)c12)C(=O)CO","CPC014_HCC515_6H:BRD-K83794624-001-01-7:10"
"167","COc1cccc2C(=O)c3c(O)c4C[C@](O)(C[C@H](O[C@H]5C[C@H](N)[C@H](O[C@@H]6CCCCO6)[C@H](C)O5)c4c(O)c3C(=O)c12)C(=O)CO","CPC014_HEPG2_6H:BRD-K83794624-001-01-7:10"
"168","COc1cccc2C(=O)c3c(O)c4C[C@](O)(C[C@H](O[C@H]5C[C@H](N)[C@H](O[C@@H]6CCCCO6)[C@H](C)O5)c4c(O)c3C(=O)c12)C(=O)CO","CPC014_HT29_6H:BRD-K83794624-001-01-7:10"
"169","COc1cccc2C(=O)c3c(O)c4C[C@](O)(C[C@H](O[C@H]5C[C@H](N)[C@H](O[C@@H]6CCCCO6)[C@H](C)O5)c4c(O)c3C(=O)c12)C(=O)CO","CPC014_MCF7_6H:BRD-K83794624-001-01-7:10"
"170","COc1cccc2C(=O)c3c(O)c4C[C@](O)(C[C@H](O[C@H]5C[C@H](N)[C@H](O[C@@H]6CCCCO6)[C@H](C)O5)c4c(O)c3C(=O)c12)C(=O)CO","CPC014_PC3_6H:BRD-K83794624-001-01-7:10"
"171","COc1cccc2C(=O)c3c(O)c4C[C@](O)(C[C@H](O[C@H]5C[C@H](N)[C@H](O[C@@H]6CCCCO6)[C@H](C)O5)c4c(O)c3C(=O)c12)C(=O)CO","CPC014_VCAP_6H:BRD-K83794624-001-01-7:10"
"172","Cc1ccc(=O)n(c1)-c1ccccc1","CPC001_HA1E_6H:BRD-K96862998-001-03-1:10"
"173","Cc1ccc(=O)n(c1)-c1ccccc1","CPC001_HCC515_6H:BRD-K96862998-001-03-1:10"
"174","Cc1ccc(=O)n(c1)-c1ccccc1","CPC001_PC3_6H:BRD-K96862998-001-03-1:10"
"175","Cc1ccc(=O)n(c1)-c1ccccc1","CPC001_VCAP_6H:BRD-K96862998-001-03-1:10"
"176","Cc1ccc(=O)n(c1)-c1ccccc1","CPC016_A375_6H:BRD-K96862998-001-03-1:10"
"177","Cc1ccc(=O)n(c1)-c1ccccc1","CPC016_A549_6H:BRD-K96862998-001-03-1:10"
"178","Cc1ccc(=O)n(c1)-c1ccccc1","CPC016_HEPG2_6H:BRD-K96862998-001-03-1:10"
"179","Cc1ccc(=O)n(c1)-c1ccccc1","CPC016_HT29_6H:BRD-K96862998-001-03-1:10"
"180","Cc1ccc(=O)n(c1)-c1ccccc1","CPC016_MCF7_6H:BRD-K96862998-001-03-1:10"
"181","COc1cc(Nc2c(cnc3cc(OCCCN4CCN(C)CC4)c(OC)cc23)C#N)c(Cl)cc1Cl","CPC014_A375_6H:BRD-K99964838-001-03-6:10"
"182","COc1cc(Nc2c(cnc3cc(OCCCN4CCN(C)CC4)c(OC)cc23)C#N)c(Cl)cc1Cl","CPC014_A549_6H:BRD-K99964838-001-03-6:10"
"183","COc1cc(Nc2c(cnc3cc(OCCCN4CCN(C)CC4)c(OC)cc23)C#N)c(Cl)cc1Cl","CPC014_HA1E_6H:BRD-K99964838-001-03-6:10"
"184","COc1cc(Nc2c(cnc3cc(OCCCN4CCN(C)CC4)c(OC)cc23)C#N)c(Cl)cc1Cl","CPC014_HCC515_6H:BRD-K99964838-001-03-6:10"
"185","COc1cc(Nc2c(cnc3cc(OCCCN4CCN(C)CC4)c(OC)cc23)C#N)c(Cl)cc1Cl","CPC014_HEPG2_6H:BRD-K99964838-001-03-6:10"
"186","COc1cc(Nc2c(cnc3cc(OCCCN4CCN(C)CC4)c(OC)cc23)C#N)c(Cl)cc1Cl","CPC014_HT29_6H:BRD-K99964838-001-03-6:10"
"187","COc1cc(Nc2c(cnc3cc(OCCCN4CCN(C)CC4)c(OC)cc23)C#N)c(Cl)cc1Cl","CPC014_MCF7_6H:BRD-K99964838-001-03-6:10"
"188","COc1cc(Nc2c(cnc3cc(OCCCN4CCN(C)CC4)c(OC)cc23)C#N)c(Cl)cc1Cl","CPC014_PC3_6H:BRD-K99964838-001-03-6:10"
"189","COc1cc(Nc2c(cnc3cc(OCCCN4CCN(C)CC4)c(OC)cc23)C#N)c(Cl)cc1Cl","CPC014_VCAP_6H:BRD-K99964838-001-03-6:10"
"190","Clc1cccc(Cl)c1C(=O)Nc1c[nH]nc1C(=O)NC1CCNCC1","CPC013_A375_6H:BRD-K13390322-001-01-4:10"
"191","Clc1cccc(Cl)c1C(=O)Nc1c[nH]nc1C(=O)NC1CCNCC1","CPC013_A549_6H:BRD-K13390322-001-01-4:10"
"192","Clc1cccc(Cl)c1C(=O)Nc1c[nH]nc1C(=O)NC1CCNCC1","CPC013_HA1E_6H:BRD-K13390322-001-01-4:10"
"193","Clc1cccc(Cl)c1C(=O)Nc1c[nH]nc1C(=O)NC1CCNCC1","CPC013_HCC515_6H:BRD-K13390322-001-01-4:10"
"194","Clc1cccc(Cl)c1C(=O)Nc1c[nH]nc1C(=O)NC1CCNCC1","CPC013_HEPG2_6H:BRD-K13390322-001-01-4:10"
"195","Clc1cccc(Cl)c1C(=O)Nc1c[nH]nc1C(=O)NC1CCNCC1","CPC013_HT29_6H:BRD-K13390322-001-01-4:10"
"196","Clc1cccc(Cl)c1C(=O)Nc1c[nH]nc1C(=O)NC1CCNCC1","CPC013_MCF7_6H:BRD-K13390322-001-01-4:10"
"197","Clc1cccc(Cl)c1C(=O)Nc1c[nH]nc1C(=O)NC1CCNCC1","CPC013_PC3_6H:BRD-K13390322-001-01-4:10"
"198","Clc1cccc(Cl)c1C(=O)Nc1c[nH]nc1C(=O)NC1CCNCC1","CPC013_VCAP_6H:BRD-K13390322-001-01-4:10"
"199","O=C1NC(=O)c2cc(Nc3ccccc3)c(Nc3ccccc3)cc12","CPC014_A375_6H:BRD-K13087974-001-01-7:10"
"200","O=C1NC(=O)c2cc(Nc3ccccc3)c(Nc3ccccc3)cc12","CPC014_A549_6H:BRD-K13087974-001-01-7:10"
"201","O=C1NC(=O)c2cc(Nc3ccccc3)c(Nc3ccccc3)cc12","CPC014_HA1E_6H:BRD-K13087974-001-01-7:10"
"202","O=C1NC(=O)c2cc(Nc3ccccc3)c(Nc3ccccc3)cc12","CPC014_HCC515_6H:BRD-K13087974-001-01-7:10"
"203","O=C1NC(=O)c2cc(Nc3ccccc3)c(Nc3ccccc3)cc12","CPC014_HEPG2_6H:BRD-K13087974-001-01-7:10"
"204","O=C1NC(=O)c2cc(Nc3ccccc3)c(Nc3ccccc3)cc12","CPC014_HT29_6H:BRD-K13087974-001-01-7:10"
"205","O=C1NC(=O)c2cc(Nc3ccccc3)c(Nc3ccccc3)cc12","CPC014_MCF7_6H:BRD-K13087974-001-01-7:10"
"206","O=C1NC(=O)c2cc(Nc3ccccc3)c(Nc3ccccc3)cc12","CPC014_PC3_6H:BRD-K13087974-001-01-7:10"
"207","O=C1NC(=O)c2cc(Nc3ccccc3)c(Nc3ccccc3)cc12","CPC014_VCAP_6H:BRD-K13087974-001-01-7:10"
"208","CCN(CC)CC(=O)Nc1c(C)cccc1C","CPC003_HA1E_6H:BRD-K52662033-003-14-7:10"
"209","CCN(CC)CC(=O)Nc1c(C)cccc1C","CPC003_HCC515_6H:BRD-K52662033-003-14-7:10"
"210","CCN(CC)CC(=O)Nc1c(C)cccc1C","CPC011_A549_6H:BRD-K52662033-001-15-8:10"
"211","CCN(CC)CC(=O)Nc1c(C)cccc1C","CPC011_MCF7_6H:BRD-K52662033-001-15-8:10"
"212","CCN(CC)CC(=O)Nc1c(C)cccc1C","CPC011_PC3_6H:BRD-K52662033-001-15-8:10"
"213","CCN(CC)CC(=O)Nc1c(C)cccc1C","CPC011_VCAP_6H:BRD-K52662033-001-15-8:10"
"214","CCN(CC)CC(=O)Nc1c(C)cccc1C","CPC015_A375_6H:BRD-K52662033-003-14-7:10"
"215","CCN(CC)CC(=O)Nc1c(C)cccc1C","CPC015_HEPG2_6H:BRD-K52662033-003-14-7:10"
"216","CCN(CC)CC(=O)Nc1c(C)cccc1C","CPC015_HT29_6H:BRD-K52662033-003-14-7:10"
"217","CN(C)CCc1c[nH]c2ccc(C[C@H]3COC(=O)N3)cc12","CPC003_HCC515_6H:BRD-K54314721-001-04-5:10"
"218","CN(C)CCc1c[nH]c2ccc(C[C@H]3COC(=O)N3)cc12","CPC003_VCAP_6H:BRD-K54314721-001-04-5:10"
"219","CN(C)CCc1c[nH]c2ccc(C[C@H]3COC(=O)N3)cc12","CPC010_A549_6H:BRD-K54314721-001-06-0:10"
"220","CN(C)CCc1c[nH]c2ccc(C[C@H]3COC(=O)N3)cc12","CPC010_HA1E_6H:BRD-K54314721-001-06-0:10"
"221","CN(C)CCc1c[nH]c2ccc(C[C@H]3COC(=O)N3)cc12","CPC010_HEPG2_6H:BRD-K54314721-001-06-0:10"
"222","CN(C)CCc1c[nH]c2ccc(C[C@H]3COC(=O)N3)cc12","CPC010_HT29_6H:BRD-K54314721-001-06-0:10"
"223","CN(C)CCc1c[nH]c2ccc(C[C@H]3COC(=O)N3)cc12","CPC010_PC3_6H:BRD-K54314721-001-06-0:10"
"224","CN(C)CCc1c[nH]c2ccc(C[C@H]3COC(=O)N3)cc12","CPC015_A375_6H:BRD-K54314721-001-04-5:10"
"225","CN(C)CCc1c[nH]c2ccc(C[C@H]3COC(=O)N3)cc12","CPC015_MCF7_6H:BRD-K54314721-001-04-5:10"
"226","CN(Cc1ccccc1)C(=O)C(Cc2ccc3ccccc3c2)NC(=O)C4CCCN4C(=O)Nc5ccccc5[N+](=O)[O-]","CPC001_HA1E_6H:BRD-A82590476-001-01-1:10"
"227","CN(Cc1ccccc1)C(=O)C(Cc2ccc3ccccc3c2)NC(=O)C4CCCN4C(=O)Nc5ccccc5[N+](=O)[O-]","CPC001_HCC515_6H:BRD-A82590476-001-01-1:10"
"228","CN(Cc1ccccc1)C(=O)C(Cc2ccc3ccccc3c2)NC(=O)C4CCCN4C(=O)Nc5ccccc5[N+](=O)[O-]","CPC001_PC3_6H:BRD-A82590476-001-01-1:10"
"229","CN(Cc1ccccc1)C(=O)C(Cc2ccc3ccccc3c2)NC(=O)C4CCCN4C(=O)Nc5ccccc5[N+](=O)[O-]","CPC001_VCAP_6H:BRD-A82590476-001-01-1:10"
"230","CN(Cc1ccccc1)C(=O)C(Cc2ccc3ccccc3c2)NC(=O)C4CCCN4C(=O)Nc5ccccc5[N+](=O)[O-]","CPC016_A375_6H:BRD-A82590476-001-01-1:10"
"231","CN(Cc1ccccc1)C(=O)C(Cc2ccc3ccccc3c2)NC(=O)C4CCCN4C(=O)Nc5ccccc5[N+](=O)[O-]","CPC016_A549_6H:BRD-A82590476-001-01-1:10"
"232","CN(Cc1ccccc1)C(=O)C(Cc2ccc3ccccc3c2)NC(=O)C4CCCN4C(=O)Nc5ccccc5[N+](=O)[O-]","CPC016_HEPG2_6H:BRD-A82590476-001-01-1:10"
"233","CN(Cc1ccccc1)C(=O)C(Cc2ccc3ccccc3c2)NC(=O)C4CCCN4C(=O)Nc5ccccc5[N+](=O)[O-]","CPC016_HT29_6H:BRD-A82590476-001-01-1:10"
"234","CN(Cc1ccccc1)C(=O)C(Cc2ccc3ccccc3c2)NC(=O)C4CCCN4C(=O)Nc5ccccc5[N+](=O)[O-]","CPC016_MCF7_6H:BRD-A82590476-001-01-1:10"
"235","COc1ccc(Cl)cc1NC(=O)Nc1cc(C)nc2ccccc12","CPC003_HA1E_6H:BRD-K67537649-001-01-1:10"
"236","COc1ccc(Cl)cc1NC(=O)Nc1cc(C)nc2ccccc12","CPC003_HCC515_6H:BRD-K67537649-001-01-1:10"
"237","COc1ccc(Cl)cc1NC(=O)Nc1cc(C)nc2ccccc12","CPC003_PC3_6H:BRD-K67537649-001-01-1:10"
"238","COc1ccc(Cl)cc1NC(=O)Nc1cc(C)nc2ccccc12","CPC003_VCAP_6H:BRD-K67537649-001-01-1:10"
"239","COc1ccc(Cl)cc1NC(=O)Nc1cc(C)nc2ccccc12","CPC016_A375_6H:BRD-K67537649-001-01-1:10"
"240","COc1ccc(Cl)cc1NC(=O)Nc1cc(C)nc2ccccc12","CPC016_A549_6H:BRD-K67537649-001-01-1:10"
"241","COc1ccc(Cl)cc1NC(=O)Nc1cc(C)nc2ccccc12","CPC016_HEPG2_6H:BRD-K67537649-001-01-1:10"
"242","COc1ccc(Cl)cc1NC(=O)Nc1cc(C)nc2ccccc12","CPC016_HT29_6H:BRD-K67537649-001-01-1:10"
"243","COc1ccc(Cl)cc1NC(=O)Nc1cc(C)nc2ccccc12","CPC016_MCF7_6H:BRD-K67537649-001-01-1:10"
"244","Oc1ccc(cc1)-c1nc(c([nH]1)-c1ccncc1)-c1ccc(F)cc1","CPC002_HA1E_6H:BRD-K54330070-001-07-1:10"
"245","Oc1ccc(cc1)-c1nc(c([nH]1)-c1ccncc1)-c1ccc(F)cc1","CPC002_HCC515_6H:BRD-K54330070-001-07-1:10"
"246","Oc1ccc(cc1)-c1nc(c([nH]1)-c1ccncc1)-c1ccc(F)cc1","CPC002_PC3_6H:BRD-K54330070-001-07-1:10"
"247","Oc1ccc(cc1)-c1nc(c([nH]1)-c1ccncc1)-c1ccc(F)cc1","CPC002_VCAP_6H:BRD-K54330070-001-07-1:10"
"248","Oc1ccc(cc1)-c1nc(c([nH]1)-c1ccncc1)-c1ccc(F)cc1","CPC016_A375_6H:BRD-K54330070-001-07-1:10"
"249","Oc1ccc(cc1)-c1nc(c([nH]1)-c1ccncc1)-c1ccc(F)cc1","CPC016_A549_6H:BRD-K54330070-001-07-1:10"
"250","Oc1ccc(cc1)-c1nc(c([nH]1)-c1ccncc1)-c1ccc(F)cc1","CPC016_HEPG2_6H:BRD-K54330070-001-07-1:10"
"251","Oc1ccc(cc1)-c1nc(c([nH]1)-c1ccncc1)-c1ccc(F)cc1","CPC016_HT29_6H:BRD-K54330070-001-07-1:10"
"252","Oc1ccc(cc1)-c1nc(c([nH]1)-c1ccncc1)-c1ccc(F)cc1","CPC016_MCF7_6H:BRD-K54330070-001-07-1:10"
"253","FC(F)c1nc2ccccc2n1-c1nc(nc(n1)N1CCOCC1)N1CCOCC1","CPC013_A375_6H:BRD-K63068307-001-01-4:10"
"254","FC(F)c1nc2ccccc2n1-c1nc(nc(n1)N1CCOCC1)N1CCOCC1","CPC013_A549_6H:BRD-K63068307-001-01-4:10"
"255","FC(F)c1nc2ccccc2n1-c1nc(nc(n1)N1CCOCC1)N1CCOCC1","CPC013_HA1E_6H:BRD-K63068307-001-01-4:10"
"256","FC(F)c1nc2ccccc2n1-c1nc(nc(n1)N1CCOCC1)N1CCOCC1","CPC013_HCC515_6H:BRD-K63068307-001-01-4:10"
"257","FC(F)c1nc2ccccc2n1-c1nc(nc(n1)N1CCOCC1)N1CCOCC1","CPC013_HEPG2_6H:BRD-K63068307-001-01-4:10"
"258","FC(F)c1nc2ccccc2n1-c1nc(nc(n1)N1CCOCC1)N1CCOCC1","CPC013_HT29_6H:BRD-K63068307-001-01-4:10"
"259","FC(F)c1nc2ccccc2n1-c1nc(nc(n1)N1CCOCC1)N1CCOCC1","CPC013_PC3_6H:BRD-K63068307-001-01-4:10"
"260","FC(F)c1nc2ccccc2n1-c1nc(nc(n1)N1CCOCC1)N1CCOCC1","CPC013_VCAP_6H:BRD-K63068307-001-01-4:10"
"261","FC(F)c1nc2ccccc2n1-c1nc(nc(n1)N1CCOCC1)N1CCOCC1","LJP001_MCF7_6H:BRD-K63068307-001-04-8:10"
"262","CC(C)OC(=O)C(C)(C)Oc1ccc(cc1)C(=O)c1ccc(Cl)cc1","CPC002_HA1E_6H:BRD-K50388907-001-15-5:10"
"263","CC(C)OC(=O)C(C)(C)Oc1ccc(cc1)C(=O)c1ccc(Cl)cc1","CPC002_HCC515_6H:BRD-K50388907-001-15-5:10"
"264","CC(C)OC(=O)C(C)(C)Oc1ccc(cc1)C(=O)c1ccc(Cl)cc1","CPC002_PC3_6H:BRD-K50388907-001-15-5:10"
"265","CC(C)OC(=O)C(C)(C)Oc1ccc(cc1)C(=O)c1ccc(Cl)cc1","CPC002_VCAP_6H:BRD-K50388907-001-15-5:10"
"266","CC(C)OC(=O)C(C)(C)Oc1ccc(cc1)C(=O)c1ccc(Cl)cc1","CPC018_A375_6H:BRD-K50388907-001-15-5:10"
"267","CC(C)OC(=O)C(C)(C)Oc1ccc(cc1)C(=O)c1ccc(Cl)cc1","CPC018_A549_6H:BRD-K50388907-001-15-5:10"
"268","CC(C)OC(=O)C(C)(C)Oc1ccc(cc1)C(=O)c1ccc(Cl)cc1","CPC018_HEPG2_6H:BRD-K50388907-001-15-5:10"
"269","CC(C)OC(=O)C(C)(C)Oc1ccc(cc1)C(=O)c1ccc(Cl)cc1","CPC018_HT29_6H:BRD-K50388907-001-15-5:10"
"270","CC(C)OC(=O)C(C)(C)Oc1ccc(cc1)C(=O)c1ccc(Cl)cc1","CPD001_MCF7_6H:BRD-K50388907-001-22-1:10"
"271","NCCc1ccc(O)c(O)c1","CPC018_A375_6H:BRD-K43887077-001-02-8:10"
"272","NCCc1ccc(O)c(O)c1","CPC018_HEPG2_6H:BRD-K43887077-001-02-8:10"
"273","NCCc1ccc(O)c(O)c1","CPC020_A549_6H:BRD-K43887077-003-20-6:10"
"274","NCCc1ccc(O)c(O)c1","CPC020_HA1E_6H:BRD-K43887077-003-20-6:10"
"275","NCCc1ccc(O)c(O)c1","CPC020_HCC515_6H:BRD-K43887077-003-20-6:10"
"276","NCCc1ccc(O)c(O)c1","CPC020_HT29_6H:BRD-K43887077-003-20-6:10"
"277","NCCc1ccc(O)c(O)c1","CPC020_VCAP_6H:BRD-K43887077-003-20-6:10"
"278","NCCc1ccc(O)c(O)c1","CPD003_MCF7_6H:BRD-K43887077-003-18-0:10"
"279","NCCc1ccc(O)c(O)c1","CPD003_PC3_6H:BRD-K43887077-003-18-0:10"
"280","C(Nc1nc(nnc1-c1ccccc1)-c1ccccn1)c1ccc(cc1)-c1ccccc1","CPC008_A375_6H:BRD-K44432556-001-03-0:10"
"281","C(Nc1nc(nnc1-c1ccccc1)-c1ccccn1)c1ccc(cc1)-c1ccccc1","CPC008_A549_6H:BRD-K44432556-001-03-0:10"
"282","C(Nc1nc(nnc1-c1ccccc1)-c1ccccn1)c1ccc(cc1)-c1ccccc1","CPC008_HCC515_6H:BRD-K44432556-001-03-0:10"
"283","C(Nc1nc(nnc1-c1ccccc1)-c1ccccn1)c1ccc(cc1)-c1ccccc1","CPC008_HEPG2_6H:BRD-K44432556-001-03-0:10"
"284","C(Nc1nc(nnc1-c1ccccc1)-c1ccccn1)c1ccc(cc1)-c1ccccc1","CPC008_HT29_6H:BRD-K44432556-001-03-0:10"
"285","C(Nc1nc(nnc1-c1ccccc1)-c1ccccn1)c1ccc(cc1)-c1ccccc1","CPC008_MCF7_6H:BRD-K44432556-001-03-0:10"
"286","C(Nc1nc(nnc1-c1ccccc1)-c1ccccn1)c1ccc(cc1)-c1ccccc1","CPC008_PC3_6H:BRD-K44432556-001-03-0:10"
"287","C(Nc1nc(nnc1-c1ccccc1)-c1ccccn1)c1ccc(cc1)-c1ccccc1","CPC008_VCAP_6H:BRD-K44432556-001-03-0:10"
"288","C(Nc1nc(nnc1-c1ccccc1)-c1ccccn1)c1ccc(cc1)-c1ccccc1","CPC012_HA1E_6H:BRD-K44432556-001-01-4:10"
"289","C[C@@H](CN1CC(=O)NC(=O)C1)N1CC(=O)NC(=O)C1","CPC014_A375_6H:BRD-K07265709-003-01-5:10"
"290","C[C@@H](CN1CC(=O)NC(=O)C1)N1CC(=O)NC(=O)C1","CPC014_A549_6H:BRD-K07265709-003-01-5:10"
"291","C[C@@H](CN1CC(=O)NC(=O)C1)N1CC(=O)NC(=O)C1","CPC014_HA1E_6H:BRD-K07265709-003-01-5:10"
"292","C[C@@H](CN1CC(=O)NC(=O)C1)N1CC(=O)NC(=O)C1","CPC014_HCC515_6H:BRD-K07265709-003-01-5:10"
"293","C[C@@H](CN1CC(=O)NC(=O)C1)N1CC(=O)NC(=O)C1","CPC014_HEPG2_6H:BRD-K07265709-003-01-5:10"
"294","C[C@@H](CN1CC(=O)NC(=O)C1)N1CC(=O)NC(=O)C1","CPC014_HT29_6H:BRD-K07265709-003-01-5:10"
"295","C[C@@H](CN1CC(=O)NC(=O)C1)N1CC(=O)NC(=O)C1","CPC014_MCF7_6H:BRD-K07265709-003-01-5:10"
"296","C[C@@H](CN1CC(=O)NC(=O)C1)N1CC(=O)NC(=O)C1","CPC014_PC3_6H:BRD-K07265709-003-01-5:10"
"297","C[C@@H](CN1CC(=O)NC(=O)C1)N1CC(=O)NC(=O)C1","CPC014_VCAP_6H:BRD-K07265709-003-01-5:10"
"298","CCN1CCN(CC1)C(=O)Cc1ccc(Nc2ncc(F)c(Nc3ccc(cc3)C(=O)Nc3ccccc3Cl)n2)cc1","CPC014_A375_6H:BRD-K53561341-001-02-6:10"
"299","CCN1CCN(CC1)C(=O)Cc1ccc(Nc2ncc(F)c(Nc3ccc(cc3)C(=O)Nc3ccccc3Cl)n2)cc1","CPC014_A549_6H:BRD-K53561341-001-02-6:10"
"300","CCN1CCN(CC1)C(=O)Cc1ccc(Nc2ncc(F)c(Nc3ccc(cc3)C(=O)Nc3ccccc3Cl)n2)cc1","CPC014_HA1E_6H:BRD-K53561341-001-02-6:10"
"301","CCN1CCN(CC1)C(=O)Cc1ccc(Nc2ncc(F)c(Nc3ccc(cc3)C(=O)Nc3ccccc3Cl)n2)cc1","CPC014_HCC515_6H:BRD-K53561341-001-02-6:10"
"302","CCN1CCN(CC1)C(=O)Cc1ccc(Nc2ncc(F)c(Nc3ccc(cc3)C(=O)Nc3ccccc3Cl)n2)cc1","CPC014_HEPG2_6H:BRD-K53561341-001-02-6:10"
"303","CCN1CCN(CC1)C(=O)Cc1ccc(Nc2ncc(F)c(Nc3ccc(cc3)C(=O)Nc3ccccc3Cl)n2)cc1","CPC014_HT29_6H:BRD-K53561341-001-02-6:10"
"304","CCN1CCN(CC1)C(=O)Cc1ccc(Nc2ncc(F)c(Nc3ccc(cc3)C(=O)Nc3ccccc3Cl)n2)cc1","CPC014_MCF7_6H:BRD-K53561341-001-02-6:10"
"305","CCN1CCN(CC1)C(=O)Cc1ccc(Nc2ncc(F)c(Nc3ccc(cc3)C(=O)Nc3ccccc3Cl)n2)cc1","CPC014_PC3_6H:BRD-K53561341-001-02-6:10"
"306","CCN1CCN(CC1)C(=O)Cc1ccc(Nc2ncc(F)c(Nc3ccc(cc3)C(=O)Nc3ccccc3Cl)n2)cc1","CPC014_VCAP_6H:BRD-K53561341-001-02-6:10"
"307","Cc1ccccc1N1CCN(CC1)S(=O)(=O)CC12CCC(C[C@@H]1NC(=O)[C@@H](N)CCS(C)(=O)=O)C2(C)C","CPC001_HA1E_6H:BRD-A43930669-003-01-0:10"
"308","Cc1ccccc1N1CCN(CC1)S(=O)(=O)CC12CCC(C[C@@H]1NC(=O)[C@@H](N)CCS(C)(=O)=O)C2(C)C","CPC001_HCC515_6H:BRD-A43930669-003-01-0:10"
"309","Cc1ccccc1N1CCN(CC1)S(=O)(=O)CC12CCC(C[C@@H]1NC(=O)[C@@H](N)CCS(C)(=O)=O)C2(C)C","CPC001_PC3_6H:BRD-A43930669-003-01-0:10"
"310","Cc1ccccc1N1CCN(CC1)S(=O)(=O)CC12CCC(C[C@@H]1NC(=O)[C@@H](N)CCS(C)(=O)=O)C2(C)C","CPC001_VCAP_6H:BRD-A43930669-003-01-0:10"
"311","Cc1ccccc1N1CCN(CC1)S(=O)(=O)CC12CCC(C[C@@H]1NC(=O)[C@@H](N)CCS(C)(=O)=O)C2(C)C","CPC017_A375_6H:BRD-A43930669-003-01-0:10"
"312","Cc1ccccc1N1CCN(CC1)S(=O)(=O)CC12CCC(C[C@@H]1NC(=O)[C@@H](N)CCS(C)(=O)=O)C2(C)C","CPC017_A549_6H:BRD-A43930669-003-01-0:10"
"313","Cc1ccccc1N1CCN(CC1)S(=O)(=O)CC12CCC(C[C@@H]1NC(=O)[C@@H](N)CCS(C)(=O)=O)C2(C)C","CPC017_HEPG2_6H:BRD-A43930669-003-01-0:10"
"314","Cc1ccccc1N1CCN(CC1)S(=O)(=O)CC12CCC(C[C@@H]1NC(=O)[C@@H](N)CCS(C)(=O)=O)C2(C)C","CPC017_HT29_6H:BRD-A43930669-003-01-0:10"
"315","Cc1ccccc1N1CCN(CC1)S(=O)(=O)CC12CCC(C[C@@H]1NC(=O)[C@@H](N)CCS(C)(=O)=O)C2(C)C","CPC017_MCF7_6H:BRD-A43930669-003-01-0:10"
"316","Cc1ccc(Cl)c(Nc2ccccc2C(O)=O)c1Cl","CPC002_HCC515_6H:BRD-K50398167-236-12-8:10"
"317","Cc1ccc(Cl)c(Nc2ccccc2C(O)=O)c1Cl","CPC002_VCAP_6H:BRD-K50398167-236-12-8:10"
"318","Cc1ccc(Cl)c(Nc2ccccc2C(O)=O)c1Cl","CPC018_A549_6H:BRD-K50398167-236-12-8:10"
"319","Cc1ccc(Cl)c(Nc2ccccc2C(O)=O)c1Cl","CPC018_HEPG2_6H:BRD-K50398167-236-12-8:10"
"320","Cc1ccc(Cl)c(Nc2ccccc2C(O)=O)c1Cl","CPC018_HT29_6H:BRD-K50398167-236-12-8:10"
"321","Cc1ccc(Cl)c(Nc2ccccc2C(O)=O)c1Cl","CPC020_A375_6H:BRD-K50398167-236-17-7:10"
"322","Cc1ccc(Cl)c(Nc2ccccc2C(O)=O)c1Cl","CPC020_HA1E_6H:BRD-K50398167-236-17-7:10"
"323","Cc1ccc(Cl)c(Nc2ccccc2C(O)=O)c1Cl","CPC020_PC3_6H:BRD-K50398167-236-17-7:10"
"324","Cc1ccc(Cl)c(Nc2ccccc2C(O)=O)c1Cl","CPD001_MCF7_6H:BRD-K50398167-323-07-4:10"
"325","SC(=S)N1CCCC1","CPC001_HA1E_6H:BRD-K80970344-201-02-9:10"
"326","SC(=S)N1CCCC1","CPC001_HCC515_6H:BRD-K80970344-201-02-9:10"
"327","SC(=S)N1CCCC1","CPC001_PC3_6H:BRD-K80970344-201-02-9:10"
"328","SC(=S)N1CCCC1","CPC001_VCAP_6H:BRD-K80970344-201-02-9:10"
"329","SC(=S)N1CCCC1","CPC016_A375_6H:BRD-K80970344-201-02-9:10"
"330","SC(=S)N1CCCC1","CPC016_A549_6H:BRD-K80970344-201-02-9:10"
"331","SC(=S)N1CCCC1","CPC016_HEPG2_6H:BRD-K80970344-201-02-9:10"
"332","SC(=S)N1CCCC1","CPC016_HT29_6H:BRD-K80970344-201-02-9:10"
"333","SC(=S)N1CCCC1","CPC016_MCF7_6H:BRD-K80970344-201-02-9:10"
"334","Cc1ccc(cc1)c2cn3c4CCCCc4sc3n2","CPC002_HA1E_6H:BRD-K31792052-004-01-9:10"
"335","Cc1ccc(cc1)c2cn3c4CCCCc4sc3n2","CPC002_HCC515_6H:BRD-K31792052-004-01-9:10"
"336","Cc1ccc(cc1)c2cn3c4CCCCc4sc3n2","CPC002_PC3_6H:BRD-K31792052-004-01-9:10"
"337","Cc1ccc(cc1)c2cn3c4CCCCc4sc3n2","CPC002_VCAP_6H:BRD-K31792052-004-01-9:10"
"338","Cc1ccc(cc1)c2cn3c4CCCCc4sc3n2","CPC018_A375_6H:BRD-K31792052-004-01-9:10"
"339","Cc1ccc(cc1)c2cn3c4CCCCc4sc3n2","CPC018_A549_6H:BRD-K31792052-004-01-9:10"
"340","Cc1ccc(cc1)c2cn3c4CCCCc4sc3n2","CPC018_HEPG2_6H:BRD-K31792052-004-01-9:10"
"341","Cc1ccc(cc1)c2cn3c4CCCCc4sc3n2","CPC018_HT29_6H:BRD-K31792052-004-01-9:10"
"342","Cc1ccc(cc1)c2cn3c4CCCCc4sc3n2","CPC018_MCF7_6H:BRD-K31792052-004-01-9:10"
"343","CN(C)CCC(c1ccccc1)c1ccccn1","CPC002_HA1E_6H:BRD-A23072235-050-09-4:10"
"344","CN(C)CCC(c1ccccc1)c1ccccn1","CPC002_HCC515_6H:BRD-A23072235-050-09-4:10"
"345","CN(C)CCC(c1ccccc1)c1ccccn1","CPC002_PC3_6H:BRD-A23072235-050-09-4:10"
"346","CN(C)CCC(c1ccccc1)c1ccccn1","CPC002_VCAP_6H:BRD-A23072235-050-09-4:10"
"347","CN(C)CCC(c1ccccc1)c1ccccn1","CPC018_A375_6H:BRD-A23072235-050-09-4:10"
"348","CN(C)CCC(c1ccccc1)c1ccccn1","CPC018_A549_6H:BRD-A23072235-050-09-4:10"
"349","CN(C)CCC(c1ccccc1)c1ccccn1","CPC018_HEPG2_6H:BRD-A23072235-050-09-4:10"
"350","CN(C)CCC(c1ccccc1)c1ccccn1","CPC018_HT29_6H:BRD-A23072235-050-09-4:10"
"351","CN(C)CCC(c1ccccc1)c1ccccn1","CPC018_MCF7_6H:BRD-A23072235-050-09-4:10"
"352","CC(C)(C)NC[C@H](O)COc1nsnc1N1CCOCC1","CPC003_HA1E_6H:BRD-K08806317-050-03-6:10"
"353","CC(C)(C)NC[C@H](O)COc1nsnc1N1CCOCC1","CPC018_A549_6H:BRD-K08806317-050-03-6:10"
"354","CC(C)(C)NC[C@H](O)COc1nsnc1N1CCOCC1","CPC018_HEPG2_6H:BRD-K08806317-050-03-6:10"
"355","CC(C)(C)NC[C@H](O)COc1nsnc1N1CCOCC1","CPC018_HT29_6H:BRD-K08806317-050-03-6:10"
"356","CC(C)(C)NC[C@H](O)COc1nsnc1N1CCOCC1","CPC020_A375_6H:BRD-K08806317-001-02-1:10"
"357","CC(C)(C)NC[C@H](O)COc1nsnc1N1CCOCC1","CPC020_HCC515_6H:BRD-K08806317-001-02-1:10"
"358","CC(C)(C)NC[C@H](O)COc1nsnc1N1CCOCC1","CPC020_VCAP_6H:BRD-K08806317-001-02-1:10"
"359","CC(C)(C)NC[C@H](O)COc1nsnc1N1CCOCC1","CPD003_MCF7_6H:BRD-K08806317-103-01-7:10"
"360","CC(C)(C)NC[C@H](O)COc1nsnc1N1CCOCC1","CPD003_PC3_6H:BRD-K08806317-103-01-7:10"
"361","CC(=O)S[C@@H]1CC2=CC(=O)CC[C@]2(C)[C@H]2CC[C@@]3(C)[C@@H](CC[C@@]33CCC(=O)O3)[C@H]12","CPC016_HEPG2_6H:BRD-K90027355-001-03-4:10"
"362","CC(=O)S[C@@H]1CC2=CC(=O)CC[C@]2(C)[C@H]2CC[C@@]3(C)[C@@H](CC[C@@]33CCC(=O)O3)[C@H]12","CPC016_MCF7_6H:BRD-K90027355-001-03-4:10"
"363","CC(=O)S[C@@H]1CC2=CC(=O)CC[C@]2(C)[C@H]2CC[C@@]3(C)[C@@H](CC[C@@]33CCC(=O)O3)[C@H]12","CPC020_A375_6H:BRD-K90027355-001-10-9:10"
"364","CC(=O)S[C@@H]1CC2=CC(=O)CC[C@]2(C)[C@H]2CC[C@@]3(C)[C@@H](CC[C@@]33CCC(=O)O3)[C@H]12","CPC020_A549_6H:BRD-K90027355-001-10-9:10"
"365","CC(=O)S[C@@H]1CC2=CC(=O)CC[C@]2(C)[C@H]2CC[C@@]3(C)[C@@H](CC[C@@]33CCC(=O)O3)[C@H]12","CPC020_HA1E_6H:BRD-K90027355-001-10-9:10"
"366","CC(=O)S[C@@H]1CC2=CC(=O)CC[C@]2(C)[C@H]2CC[C@@]3(C)[C@@H](CC[C@@]33CCC(=O)O3)[C@H]12","CPC020_HCC515_6H:BRD-K90027355-001-10-9:10"
"367","CC(=O)S[C@@H]1CC2=CC(=O)CC[C@]2(C)[C@H]2CC[C@@]3(C)[C@@H](CC[C@@]33CCC(=O)O3)[C@H]12","CPC020_HT29_6H:BRD-K90027355-001-10-9:10"
"368","CC(=O)S[C@@H]1CC2=CC(=O)CC[C@]2(C)[C@H]2CC[C@@]3(C)[C@@H](CC[C@@]33CCC(=O)O3)[C@H]12","CPC020_PC3_6H:BRD-K90027355-001-10-9:10"
"369","CC(=O)S[C@@H]1CC2=CC(=O)CC[C@]2(C)[C@H]2CC[C@@]3(C)[C@@H](CC[C@@]33CCC(=O)O3)[C@H]12","CPC020_VCAP_6H:BRD-K90027355-001-10-9:10"
"370","C1CCC(CC1)Nc2nc(Nc3ccc(cc3)N4CCOCC4)nc5[nH]cnc25","CPC014_A375_6H:BRD-K77286328-001-02-9:10"
"371","C1CCC(CC1)Nc2nc(Nc3ccc(cc3)N4CCOCC4)nc5[nH]cnc25","CPC014_A549_6H:BRD-K77286328-001-02-9:10"
"372","C1CCC(CC1)Nc2nc(Nc3ccc(cc3)N4CCOCC4)nc5[nH]cnc25","CPC014_HA1E_6H:BRD-K77286328-001-02-9:10"
"373","C1CCC(CC1)Nc2nc(Nc3ccc(cc3)N4CCOCC4)nc5[nH]cnc25","CPC014_HCC515_6H:BRD-K77286328-001-02-9:10"
"374","C1CCC(CC1)Nc2nc(Nc3ccc(cc3)N4CCOCC4)nc5[nH]cnc25","CPC014_HEPG2_6H:BRD-K77286328-001-02-9:10"
"375","C1CCC(CC1)Nc2nc(Nc3ccc(cc3)N4CCOCC4)nc5[nH]cnc25","CPC014_HT29_6H:BRD-K77286328-001-02-9:10"
"376","C1CCC(CC1)Nc2nc(Nc3ccc(cc3)N4CCOCC4)nc5[nH]cnc25","CPC014_MCF7_6H:BRD-K77286328-001-02-9:10"
"377","C1CCC(CC1)Nc2nc(Nc3ccc(cc3)N4CCOCC4)nc5[nH]cnc25","CPC014_PC3_6H:BRD-K77286328-001-02-9:10"
"378","C1CCC(CC1)Nc2nc(Nc3ccc(cc3)N4CCOCC4)nc5[nH]cnc25","CPC014_VCAP_6H:BRD-K77286328-001-02-9:10"
"379","COc1nc(C)cnc1NS(=O)(=O)c1cccnc1-c1ccc(cc1)-c1nnco1","CPC013_A375_6H:BRD-K31553034-001-01-4:10"
"380","COc1nc(C)cnc1NS(=O)(=O)c1cccnc1-c1ccc(cc1)-c1nnco1","CPC013_A549_6H:BRD-K31553034-001-01-4:10"
"381","COc1nc(C)cnc1NS(=O)(=O)c1cccnc1-c1ccc(cc1)-c1nnco1","CPC013_HA1E_6H:BRD-K31553034-001-01-4:10"
"382","COc1nc(C)cnc1NS(=O)(=O)c1cccnc1-c1ccc(cc1)-c1nnco1","CPC013_HCC515_6H:BRD-K31553034-001-01-4:10"
"383","COc1nc(C)cnc1NS(=O)(=O)c1cccnc1-c1ccc(cc1)-c1nnco1","CPC013_HEPG2_6H:BRD-K31553034-001-01-4:10"
"384","COc1nc(C)cnc1NS(=O)(=O)c1cccnc1-c1ccc(cc1)-c1nnco1","CPC013_HT29_6H:BRD-K31553034-001-01-4:10"
"385","COc1nc(C)cnc1NS(=O)(=O)c1cccnc1-c1ccc(cc1)-c1nnco1","CPC013_MCF7_6H:BRD-K31553034-001-01-4:10"
"386","COc1nc(C)cnc1NS(=O)(=O)c1cccnc1-c1ccc(cc1)-c1nnco1","CPC013_PC3_6H:BRD-K31553034-001-01-4:10"
"387","COc1nc(C)cnc1NS(=O)(=O)c1cccnc1-c1ccc(cc1)-c1nnco1","CPC013_VCAP_6H:BRD-K31553034-001-01-4:10"
"388","COC(=O)[C@@H]1C[C@H](OC(C)=O)C(=O)[C@H]2[C@@]1(C)CC[C@H]1C(=O)O[C@@H](C[C@]21C)c1ccoc1","CPC002_HA1E_6H:BRD-K19284129-001-01-8:10"
"389","COC(=O)[C@@H]1C[C@H](OC(C)=O)C(=O)[C@H]2[C@@]1(C)CC[C@H]1C(=O)O[C@@H](C[C@]21C)c1ccoc1","CPC002_HCC515_6H:BRD-K19284129-001-01-8:10"
"390","COC(=O)[C@@H]1C[C@H](OC(C)=O)C(=O)[C@H]2[C@@]1(C)CC[C@H]1C(=O)O[C@@H](C[C@]21C)c1ccoc1","CPC002_PC3_6H:BRD-K19284129-001-01-8:10"
"391","COC(=O)[C@@H]1C[C@H](OC(C)=O)C(=O)[C@H]2[C@@]1(C)CC[C@H]1C(=O)O[C@@H](C[C@]21C)c1ccoc1","CPC002_VCAP_6H:BRD-K19284129-001-01-8:10"
"392","COC(=O)[C@@H]1C[C@H](OC(C)=O)C(=O)[C@H]2[C@@]1(C)CC[C@H]1C(=O)O[C@@H](C[C@]21C)c1ccoc1","CPC018_A375_6H:BRD-K19284129-001-01-8:10"
"393","COC(=O)[C@@H]1C[C@H](OC(C)=O)C(=O)[C@H]2[C@@]1(C)CC[C@H]1C(=O)O[C@@H](C[C@]21C)c1ccoc1","CPC018_A549_6H:BRD-K19284129-001-01-8:10"
"394","COC(=O)[C@@H]1C[C@H](OC(C)=O)C(=O)[C@H]2[C@@]1(C)CC[C@H]1C(=O)O[C@@H](C[C@]21C)c1ccoc1","CPC018_HEPG2_6H:BRD-K19284129-001-01-8:10"
"395","COC(=O)[C@@H]1C[C@H](OC(C)=O)C(=O)[C@H]2[C@@]1(C)CC[C@H]1C(=O)O[C@@H](C[C@]21C)c1ccoc1","CPC018_HT29_6H:BRD-K19284129-001-01-8:10"
"396","COC(=O)[C@@H]1C[C@H](OC(C)=O)C(=O)[C@H]2[C@@]1(C)CC[C@H]1C(=O)O[C@@H](C[C@]21C)c1ccoc1","CPC018_MCF7_6H:BRD-K19284129-001-01-8:10"
"397","COC(=O)c1sccc1S(=O)(=O)Nc1ccc(Nc2ccccc2)cc1OC","CPC014_A375_6H:BRD-K98684188-001-01-1:10"
"398","COC(=O)c1sccc1S(=O)(=O)Nc1ccc(Nc2ccccc2)cc1OC","CPC014_A549_6H:BRD-K98684188-001-01-1:10"
"399","COC(=O)c1sccc1S(=O)(=O)Nc1ccc(Nc2ccccc2)cc1OC","CPC014_HA1E_6H:BRD-K98684188-001-01-1:10"
"400","COC(=O)c1sccc1S(=O)(=O)Nc1ccc(Nc2ccccc2)cc1OC","CPC014_HCC515_6H:BRD-K98684188-001-01-1:10"
"401","COC(=O)c1sccc1S(=O)(=O)Nc1ccc(Nc2ccccc2)cc1OC","CPC014_HEPG2_6H:BRD-K98684188-001-01-1:10"
"402","COC(=O)c1sccc1S(=O)(=O)Nc1ccc(Nc2ccccc2)cc1OC","CPC014_HT29_6H:BRD-K98684188-001-01-1:10"
"403","COC(=O)c1sccc1S(=O)(=O)Nc1ccc(Nc2ccccc2)cc1OC","CPC014_MCF7_6H:BRD-K98684188-001-01-1:10"
"404","COC(=O)c1sccc1S(=O)(=O)Nc1ccc(Nc2ccccc2)cc1OC","CPC014_PC3_6H:BRD-K98684188-001-01-1:10"
"405","COC(=O)c1sccc1S(=O)(=O)Nc1ccc(Nc2ccccc2)cc1OC","CPC014_VCAP_6H:BRD-K98684188-001-01-1:10"
"406","O\N=C1/C(Nc2ccccc12)=C1/C(=O)Nc2cc(Br)ccc12","CPC014_A375_6H:BRD-K04923131-001-06-3:10"
"407","O\N=C1/C(Nc2ccccc12)=C1/C(=O)Nc2cc(Br)ccc12","CPC014_A549_6H:BRD-K04923131-001-06-3:10"
"408","O\N=C1/C(Nc2ccccc12)=C1/C(=O)Nc2cc(Br)ccc12","CPC014_HA1E_6H:BRD-K04923131-001-06-3:10"
"409","O\N=C1/C(Nc2ccccc12)=C1/C(=O)Nc2cc(Br)ccc12","CPC014_HCC515_6H:BRD-K04923131-001-06-3:10"
"410","O\N=C1/C(Nc2ccccc12)=C1/C(=O)Nc2cc(Br)ccc12","CPC014_HEPG2_6H:BRD-K04923131-001-06-3:10"
"411","O\N=C1/C(Nc2ccccc12)=C1/C(=O)Nc2cc(Br)ccc12","CPC014_HT29_6H:BRD-K04923131-001-06-3:10"
"412","O\N=C1/C(Nc2ccccc12)=C1/C(=O)Nc2cc(Br)ccc12","CPC014_MCF7_6H:BRD-K04923131-001-06-3:10"
"413","O\N=C1/C(Nc2ccccc12)=C1/C(=O)Nc2cc(Br)ccc12","CPC014_PC3_6H:BRD-K04923131-001-06-3:10"
"414","O\N=C1/C(Nc2ccccc12)=C1/C(=O)Nc2cc(Br)ccc12","CPC014_VCAP_6H:BRD-K04923131-001-06-3:10"
"415","COc1cc(OC)c(cc1NS(=O)(=O)c1ccc(cc1)C(F)(F)F)C(=O)CCCCN1CCC2(CC1)NC(=O)NC2=O","CPC002_HA1E_6H:BRD-K87048468-003-01-9:10"
"416","COc1cc(OC)c(cc1NS(=O)(=O)c1ccc(cc1)C(F)(F)F)C(=O)CCCCN1CCC2(CC1)NC(=O)NC2=O","CPC002_HCC515_6H:BRD-K87048468-003-01-9:10"
"417","COc1cc(OC)c(cc1NS(=O)(=O)c1ccc(cc1)C(F)(F)F)C(=O)CCCCN1CCC2(CC1)NC(=O)NC2=O","CPC002_PC3_6H:BRD-K87048468-003-01-9:10"
"418","COc1cc(OC)c(cc1NS(=O)(=O)c1ccc(cc1)C(F)(F)F)C(=O)CCCCN1CCC2(CC1)NC(=O)NC2=O","CPC002_VCAP_6H:BRD-K87048468-003-01-9:10"
"419","COc1cc(OC)c(cc1NS(=O)(=O)c1ccc(cc1)C(F)(F)F)C(=O)CCCCN1CCC2(CC1)NC(=O)NC2=O","CPC016_A375_6H:BRD-K87048468-003-01-9:10"
"420","COc1cc(OC)c(cc1NS(=O)(=O)c1ccc(cc1)C(F)(F)F)C(=O)CCCCN1CCC2(CC1)NC(=O)NC2=O","CPC016_A549_6H:BRD-K87048468-003-01-9:10"
"421","COc1cc(OC)c(cc1NS(=O)(=O)c1ccc(cc1)C(F)(F)F)C(=O)CCCCN1CCC2(CC1)NC(=O)NC2=O","CPC016_HEPG2_6H:BRD-K87048468-003-01-9:10"
"422","COc1cc(OC)c(cc1NS(=O)(=O)c1ccc(cc1)C(F)(F)F)C(=O)CCCCN1CCC2(CC1)NC(=O)NC2=O","CPC016_HT29_6H:BRD-K87048468-003-01-9:10"
"423","COc1cc(OC)c(cc1NS(=O)(=O)c1ccc(cc1)C(F)(F)F)C(=O)CCCCN1CCC2(CC1)NC(=O)NC2=O","CPC016_MCF7_6H:BRD-K87048468-003-01-9:10"
