code	name	TF	ligand
Q13905	RAPGEF1	False	False
Q96FS4	SIPA1	False	False
Q9H0E2	TOLLIP	False	False
Q6PHR2	ULK3	False	False
P12956	XRCC6	False	False
Q8IZQ1	WDFY3	False	False
Q5D1E8	ZC3H12A	False	False
P37275	ZEB1	True	False
Q15796	SMAD2	False	False
Q8N5C8	TAB3	False	False
P36897	TGFBR1	False	False
Q15562	TEAD2	False	False
P28908	TNFRSF8	False	False
O14798	TNFRSF10C	False	False
Q06418	TYRO3	False	False
Q9H3M7	TXNIP	False	False
O75604	USP2	False	False
Q05086	UBE3A	False	False
Q92558	WASF1	False	False
P42226	STAT6	True	False
Q15208	STK38	False	False
P19438	TNFRSF1A	False	False
Q96RU2	USP28	False	False
P67809	YBX1	False	False
P06702	S100A9	False	False
Q96BR1	SGK3	False	False
Q96FJ0	STAMBPL1	False	False
O95238	SPDEF	False	False
Q07352	ZFP36L1	False	False
P61077	UBE2D3	False	False
P22314	UBA1	False	False
P18206	VCL	False	False
Q9H4A3	WNK1	False	False
Q13950	RUNX2	False	False
Q9HAU4	SMURF2	False	False
P30872	SSTR1	False	False
P48023	FASLG	False	False
O60603	TLR2	False	False
Q8NFZ5	TNIP2	False	False
Q8WV44	TRIM41	False	False
P46937	YAP1	False	False
O14512	SOCS7	False	False
Q13263	TRIM28	False	False
Q13077	TRAF1	False	False
Q15569	TESK1	False	False
P68363	TUBA1B	False	False
P00734	F2	False	False
O94972	TRIM37	False	False
P02788	LTF	False	False
P98170	XIAP	False	False
O96014	WNT11	False	False
P18433	PTPRA	False	False
Q14765	STAT4	True	False
Q86XR7	TICAM2	False	False
P07437	TUBB	False	False
Q9NQB0	TCF7L2	True	False
Q9Y4K3	TRAF6	False	False
Q15819	UBE2V2	False	False
P09327	VIL1	False	False
P10586	PTPRF	False	False
Q9H6Z4	RANBP3	False	False
O15211	RGL2	False	False
Q96EQ8	RNF125	False	False
O15304	SIVA1	False	False
O75886	STAM2	False	False
O95793	STAU1	False	False
Q9P0N9	TBC1D7	False	False
Q9UKW4	VAV3	False	False
O14746	TERT	False	False
O14836	TNFRSF13B	False	False
Q03405	PLAUR	False	False
Q00653	NFKB2	True	False
P80511	S100A12	False	False
P17948	FLT1	False	False
Q8IZL8	PELP1	False	False
Q8NEB9	PIK3C3	False	False
P08922	ROS1	False	False
P19474	TRIM21	False	False
P68371	TUBB4B	False	False
P0CG48	UBC	False	False
P49459	UBE2A	False	False
Q92890	UFD1	False	False
P45880	VDAC2	False	False
P60510	PPP4C	False	False
P36873	PPP1CC	False	False
Q9H0H5	RACGAP1	False	False
Q13009	TIAM1	False	False
Q9UHF0	TAC3	False	False
P42681	TXK	False	False
P47901	AVPR1B	False	False
Q6ZNA4	RNF111	False	False
O75044	SRGAP2	False	False
Q07955	SRSF1	False	False
Q86WV6	STING1	False	False
Q71U36	TUBA1A	False	False
P30530	AXL	False	False
O43541	SMAD6	False	False
Q9ULJ6	ZMIZ1	False	False
P51398	DAP3	False	False
Q9Y265	RUVBL1	False	False
Q8TAQ2	SMARCC2	False	False
P30626	SRI	False	False
Q14683	SMC1A	False	False
Q9C0K7	STRADB	False	False
A7MCY6	TBKBP1	False	False
P00750	PLAT	False	False
Q8IYT8	ULK2	False	False
Q9BRL6	SRSF8	False	False
Q92844	TANK	False	False
Q9NYJ8	TAB2	False	False
Q9Y2W2	WBP11	False	False
Q8IV45	UNC5CL	False	False
Q92835	INPP5D	False	False
Q07889	SOS1	False	False
P30874	SSTR2	False	False
Q01130	SRSF2	False	False
P11831	SRF	True	False
P43489	TNFRSF4	False	False
Q15654	TRIP6	False	False
P29597	TYK2	False	False
O95405	ZFYVE9	False	False
P06239	LCK	False	False
Q15643	TRIP11	False	False
P13010	XRCC5	False	False
Q8NF64	ZMIZ2	False	False
Q6R327	RICTOR	False	False
Q15382	RHEB	False	False
O14559	ARHGAP33	False	False
P15923	TCF3	True	False
P49591	SARS1	False	False
O15164	TRIM24	False	False
Q93009	USP7	False	False
P37288	AVPR1A	False	False
P40763	STAT3	True	False
O00506	STK25	False	False
P32780	GTF2H1	False	False
Q07011	TNFRSF9	False	False
O43914	TYROBP	False	False
P40337	VHL	False	False
Q01892	SPIB	False	False
O15524	SOCS1	False	False
Q6GPH4	XAF1	False	False
O00308	WWP2	False	False
Q96MS0	ROBO3	False	False
P62753	RPS6	False	False
O00141	SGK1	False	False
O43791	SPOP	False	False
Q8NFU7	TET1	False	False
Q9UKI8	TLK1	False	False
Q12888	TP53BP1	False	False
P36406	TRIM23	False	False
Q14258	TRIM25	False	False
Q9Y2Z0	SUGT1	False	False
Q15583	TGIF1	False	False
O60602	TLR5	False	False
Q12931	TRAP1	False	False
Q9BUZ4	TRAF4	False	False
Q15672	TWIST1	True	False
Q8TAS1	UHMK1	False	False
P62837	UBE2D2	False	False
P52735	VAV2	False	False
Q9GZV5	WWTR1	False	False
Q9UPY6	WASF3	False	False
Q13309	SKP2	False	False
Q9UQE7	SMC3	False	False
Q13485	SMAD4	True	False
P40222	TXLNA	False	False
P13693	TPT1	False	False
Q14186	TFDP1	True	False
Q9NVV9	THAP1	False	False
P20333	TNFRSF1B	False	False
O43156	TTI1	False	False
P34925	RYK	False	False
Q8TBK2	SETD6	False	False
P31431	SDC4	False	False
P35712	SOX6	False	False
P48436	SOX9	True	False
O43609	SPRY1	False	False
Q969G3	SMARCE1	False	False
Q9HCE7	SMURF1	False	False
P55072	VCP	False	False
Q8TEL6	TRPC4AP	False	False
O00463	TRAF5	False	False
P14373	TRIM27	False	False
O14763	TNFRSF10B	False	False
P12931	SRC	False	False
Q16613	AANAT	False	False
Q15560	TCEA2	False	False
Q8NG68	TTL	False	False
P15498	VAV1	False	False
P98077	SHC2	False	False
Q9H0F6	SHARPIN	False	False
Q92922	SMARCC1	False	False
Q96EB6	SIRT1	False	False
P42224	STAT1	True	False
O94804	STK10	False	False
O75528	TADA3	False	False
P11388	TOP2A	False	False
Q6SA08	TSSK4	False	False
Q9UBS8	RNF14	False	False
P23396	RPS3	False	False
P23246	SFPQ	False	False
P54274	TERF1	False	False
Q92574	TSC1	False	False
P35968	KDR	False	False
P48736	PIK3CG	False	False
O60260	PRKN	False	False
P17980	PSMC3	False	False
Q9UHI7	SLC23A1	False	False
Q12772	SREBF2	True	False
P35499	SCN4A	False	False
Q9UEE5	STK17A	False	False
P37173	TGFBR2	False	False
Q9Y3C5	RNF11	False	False
P62070	RRAS2	False	False
P21817	RYR1	False	False
Q96LC7	SIGLEC10	False	False
O76061	STC2	False	False
P07996	THBS1	False	False
P51668	UBE2D1	False	False
P08670	VIM	False	False
O14492	SH2B2	False	False
O00206	TLR4	False	False
P11473	VDR	True	False
P41221	WNT5A	False	False
P42768	WAS	False	False
P07947	YES1	False	False
P49910	ZNF165	False	False
Q9Y230	RUVBL2	False	False
Q14242	SELPLG	False	False
P19634	SLC9A1	False	False
P61088	UBE2N	False	False
Q9Y4A5	TRRAP	False	False
Q9UPY5	SLC7A11	False	False
O95425	SVIL	False	False
P68036	UBE2L3	False	False
Q96EP0	RNF31	False	False
Q96B97	SH3KBP1	False	False
P35125	USP6	False	False
Q14191	WRN	False	False
Q02447	SP3	True	False
O14508	SOCS2	False	False
Q06520	SULT2A1	False	False
Q9Y3F4	STRAP	False	False
P17542	TAL1	True	False
O76070	SNCG	False	False
P49427	CDC34	False	False
P22415	USF1	True	False
Q15326	ZMYND11	False	False
Q7Z3T8	ZFYVE16	False	False
Q14134	TRIM29	False	False
P0CG47	UBB	False	False
Q96PM5	RCHY1	False	False
P78527	PRKDC	False	False
P06454	PTMA	False	False
O15198	SMAD9	False	False
Q9Y6H5	SNCAIP	False	False
A5D8V6	VPS37C	False	False
Q13404	UBE2V1	False	False
Q13432	UNC119	False	False
O60504	SORBS3	False	False
P19544	WT1	True	False
P30291	WEE1	False	False
O43379	WDR62	False	False
P12757	SKIL	False	False
O95295	SNAPIN	False	False
Q86VP1	TAX1BP1	False	False
Q9Y6Q6	TNFRSF11A	False	False
P25445	FAS	False	False
Q9P0U3	SENP1	False	False
P00441	SOD1	False	False
P16949	STMN1	False	False
Q9Y6E0	STK24	False	False
O14980	XPO1	False	False
Q9H4B6	SAV1	False	False
Q9HBY8	SGK2	False	False
P48431	SOX2	True	False
Q6ZRS2	SRCAP	False	False
P51532	SMARCA4	False	False
Q8WYL5	SSH1	False	False
Q99576	TSC22D3	False	False
O60907	TBL1X	False	False
P08138	NGFR	False	False
P49815	TSC2	False	False
P63279	UBE2I	False	False
P15692	VEGFA	False	False
Q9H171	ZBP1	False	False
Q16236	NFE2L2	True	False
Q99460	PSMD1	False	False
Q9Y3V2	RWDD3	False	False
Q92529	SHC3	False	False
P26447	S100A4	False	False
Q9NRC8	SIRT7	False	False
P84022	SMAD3	True	False
P01135	TGFA	False	False
Q9BZK7	TBL1XR1	False	False
P45974	USP5	False	False
Q99835	SMO	False	False
Q14247	CTTN	False	False
Q13424	SNTA1	False	False
Q5T1C6	THEM4	False	False
Q9UKE5	TNIK	False	False
Q15628	TRADD	False	False
Q96KB5	PBK	False	False
Q9NS23	RASSF1	False	False
P49792	RANBP2	False	False
P17600	SYN1	False	False
Q9Y4R8	TELO2	False	False
Q13888	GTF2H2	False	False
P42680	TEC	False	False
Q9BXR5	TLR10	False	False
P21580	TNFAIP3	False	False
P33981	TTK	False	False
Q99578	RIT2	False	False
Q13129	RLF	False	False
Q15831	STK11	False	False
Q13188	STK3	False	False
Q8IUC6	TICAM1	False	False
O15455	TLR3	False	False
P82094	TMF1	False	False
O75385	ULK1	False	False
P48995	TRPC1	False	False
Q14694	USP10	False	False
O43566	RGS14	False	False
Q99496	RNF2	False	False
Q02878	RPL6	False	False
O15357	INPPL1	False	False
Q9H2G2	SLK	False	False
Q9BPZ7	MAPKAP1	False	False
P28347	TEAD1	False	False
O75762	TRPA1	False	False
Q9H9H4	VPS37B	False	False
P25105	PTAFR	False	False
P08575	PTPRC	False	False
Q7L7X3	TAOK1	False	False
O43294	TGFB1I1	False	False
Q9Y5X1	SNX9	False	False
O60343	TBC1D4	False	False
P01137	TGFB1	False	False
Q9Y2C9	TLR6	False	False
Q96RU7	TRIB3	False	False
P35916	FLT4	False	False
Q01851	POU4F1	False	False
Q04912	MST1R	False	False
Q99961	SH3GL1	False	False
Q99717	SMAD5	False	False
P41252	IARS1	False	False
Q13105	ZBTB17	False	False
O95071	UBR5	False	False
Q9UBK9	UXT	False	False
Q9Y6I7	WSB1	False	False
Q9UBY5	LPAR3	False	False
Q02750	MAP2K1	False	False
P52564	MAP2K6	False	False
O14777	NDC80	False	False
P47900	P2RY1	False	False
P40425	PBX2	False	False
P04637	TP53	True	False
Q13164	MAPK7	False	False
P56278	MTCP1	False	False
O75469	NR1I2	False	False
Q13087	PDIA2	False	False
O96013	PAK4	False	False
O15530	PDPK1	False	False
Q9Y6X2	PIAS3	False	False
P14780	MMP9	False	False
Q9BZ95	NSD3	False	False
Q96G91	P2RY11	False	False
Q16625	OCLN	False	False
P40424	PBX1	False	False
Q9BYG5	PARD6B	False	False
Q9HBI1	PARVB	False	False
Q9GZP0	PDGFD	False	False
P07948	LYN	False	False
O95819	MAP4K4	False	False
P01106	MYC	True	False
Q9HC98	NEK6	False	False
P14859	POU2F1	True	False
Q9BZL4	PPP1R12C	False	False
P17931	LGALS3	False	False
P02545	LMNA	False	False
P43034	PAFAH1B1	False	False
O75030	MITF	True	False
Q14994	NR1I3	False	False
P26367	PAX6	True	False
Q13371	PDCL	False	False
Q13526	PIN1	False	False
Q14980	NUMA1	False	False
P11940	PABPC1	False	False
P25116	F2R	False	False
Q96BK5	PINX1	False	False
P20701	ITGAL	False	False
P14316	IRF2	False	False
P43629	KIR3DL1	False	False
O95751	LDOC1	False	False
Q14847	LASP1	False	False
P35232	PHB	False	False
Q15121	PEA15	False	False
Q13200	PSMD2	False	False
P35568	IRS1	False	False
P13861	PRKAR2A	False	False
Q13555	CAMK2G	False	False
O43318	MAP3K7	False	False
P49790	NUP153	False	False
Q92630	DYRK2	False	False
Q03468	ERCC6	False	False
Q01344	IL5RA	False	False
Q13651	IL10RA	False	False
Q08380	LGALS3BP	False	False
Q7Z3S9	NOTCH2NLA	False	False
Q9C000	NLRP1	False	False
P35228	NOS2	False	False
Q9NQU5	PAK6	False	False
O60346	PHLPP1	False	False
P37231	PPARG	True	False
P67775	PPP2CA	False	False
Q92597	NDRG1	False	False
Q99640	PKMYT1	False	False
P24158	PRTN3	False	False
P21453	S1PR1	False	False
P50591	TNFSF10	False	False
Q9Y6N7	ROBO1	False	False
Q5VZM2	RRAGB	False	False
P35269	GTF2F1	False	False
Q9NQ88	TIGAR	False	False
Q99614	TTC1	False	False
P29353	SHC1	False	False
Q6N021	TET2	False	False
P16473	TSHR	False	False
P46781	RPS9	False	False
O00161	SNAP23	False	False
Q9NYK1	TLR7	False	False
Q13114	TRAF3	False	False
Q12933	TRAF2	False	False
Q9Y5U5	TNFRSF18	False	False
Q9NS56	TOPORS	False	False
Q13671	RIN1	False	False
P05109	S100A8	False	False
Q8IXJ6	SIRT2	False	False
Q06330	RBPJ	False	False
P21675	TAF1	False	False
P37840	SNCA	False	False
Q02763	TEK	False	False
P36941	LTBR	False	False
P05187	ALPP	False	False
O95863	SNAI1	False	False
Q99973	TEP1	False	False
Q9NR96	TLR9	False	False
O95271	TNKS	False	False
P04629	NTRK1	False	False
P06400	RB1	False	False
P0DPH7	TUBA3C	False	False
P10599	TXN	False	False
Q9H2K2	TNKS2	False	False
O43353	RIPK2	False	False
Q9NWF9	RNF216	False	False
Q8N488	RYBP	False	False
Q9C004	SPRY4	False	False
Q8IUQ4	SIAH1	False	False
P35590	TIE1	False	False
P25942	CD40	False	False
Q8WXA9	SREK1	False	False
Q9UGK3	STAP2	False	False
Q04724	TLE1	False	False
Q9Y490	TLN1	False	False
P10276	RARA	True	False
Q9Y572	RIPK3	False	False
P32745	SSTR3	False	False
Q15750	TAB1	False	False
Q99594	TEAD3	False	False
Q08117	TLE5	False	False
Q15399	TLR1	False	False
P58753	TIRAP	False	False
Q15025	TNIP1	False	False
P28702	RXRB	False	False
Q9UBE0	SAE1	False	False
Q15475	SIX1	False	False
P78362	SRPK2	False	False
Q9UEW8	STK39	False	False
P10828	THRB	False	False
P10827	THRA	False	False
Q15561	TEAD4	False	False
P11387	TOP1	False	False
P01375	TNF	False	False
Q13285	NR5A1	False	False
Q16143	SNCB	False	False
Q92734	TFG	False	False
P56279	TCL1A	False	False
Q63HR2	TNS2	False	False
Q9UKP6	UTS2R	False	False
Q93008	USP9X	False	False
Q99986	VRK1	False	False
P43403	ZAP70	False	False
P17152	TMEM11	False	False
P40818	USP8	False	False
O75558	STX11	False	False
Q9NRP7	STK36	False	False
P25490	YY1	True	False
Q13564	NAE1	False	False
Q9H0M0	WWP1	False	False
O00743	PPP6C	False	False
Q13464	ROCK1	False	False
Q9UBT2	UBA2	False	False
Q05195	MXD1	False	False
Q9UHA4	LAMTOR3	False	False
Q99750	MDFI	False	False
Q15746	MYLK	False	False
P29475	NOS1	False	False
Q12923	PTPN13	False	False
P25800	LMO1	False	False
Q9H1K0	RBSN	False	False
Q13017	ARHGAP5	False	False
O14730	RIOK3	False	False
Q9H0W8	SMG9	False	False
P36956	SREBF1	True	False
P09486	SPARC	False	False
Q9NZQ3	NCKIPSD	False	False
O43597	SPRY2	False	False
P12755	SKI	False	False
P05787	KRT8	False	False
O15031	PLXNB2	False	False
Q96A00	PPP1R14A	False	False
Q13761	RUNX3	True	False
P56693	SOX10	True	False
P17947	SPI1	True	False
Q13972	RASGRF1	False	False
Q13127	REST	True	False
Q13546	RIPK1	False	False
O43765	SGTA	False	False
Q05066	SRY	False	False
Q7Z5H3	ARHGAP22	False	False
Q9NYW8	RBAK	False	False
P61224	RAP1B	False	False
Q15669	RHOH	False	False
Q7L804	RAB11FIP2	False	False
Q9HB90	RRAGC	False	False
Q99584	S100A13	False	False
Q01105	SET	False	False
Q6STE5	SMARCD3	False	False
P62140	PPP1CB	False	False
P53805	RCAN1	False	False
P11233	RALA	False	False
Q5T5U3	ARHGAP21	False	False
Q99962	SH3GL2	False	False
Q12796	PNRC1	False	False
Q06124	PTPN11	False	False
P07949	RET	False	False
P10301	RRAS	False	False
Q9UPX8	SHANK2	False	False
Q05516	ZBTB16	False	False
Q07157	TJP1	False	False
Q15942	ZYX	False	False
P50552	VASP	False	False
Q08043	ACTN3	False	False
P21917	DRD4	False	False
Q15910	EZH2	False	False
P08069	IGF1R	False	False
P15260	IFNGR1	False	False
P29274	ADORA2A	False	False
P62258	YWHAE	False	False
P27540	ARNT	False	False
Q13315	ATM	False	False
Q9BXL7	CARD11	False	False
P21554	CNR1	False	False
Q9NZJ5	EIF2AK3	False	False
P50549	ETV1	False	False
Q15389	ANGPT1	False	False
P50613	CDK7	False	False
P67870	CSNK2B	False	False
P23528	CFL1	False	False
Q16531	DDB1	False	False
P08174	CD55	False	False
P24530	EDNRB	False	False
P29692	EEF1D	False	False
P32298	GRK4	False	False
P42262	GRIA2	False	False
Q9NWT6	HIF1AN	False	False
P52789	HK2	False	False
P08238	HSP90AB1	False	False
O15111	CHUK	False	False
Q9NPH3	IL1RAP	False	False
Q14116	IL18	False	False
Q13418	ILK	False	False
Q9BX63	BRIP1	False	False
P21333	FLNA	False	False
Q08050	FOXM1	True	False
Q9H461	FZD8	False	False
Q9Y2X7	GIT1	False	False
P30793	GCH1	False	False
Q15653	NFKBIB	False	False
P05019	IGF1	False	False
P10145	CXCL8	False	False
P78344	EIF4G2	False	False
P42702	LIFR	False	False
Q08881	ITK	False	False
P16157	ANK1	False	False
P35637	FUS	False	False
Q01167	FOXK2	False	False
P55196	AFDN	False	False
Q92481	TFAP2B	False	False
Q15369	ELOC	False	False
P11142	HSPA8	False	False
P78318	IGBP1	False	False
P01584	IL1B	False	False
O14654	IRS4	False	False
Q9NXV6	CDKN2AIP	False	False
O14757	CHEK1	False	False
P16070	CD44	False	False
Q99966	CITED1	False	False
P35606	COPB2	False	False
O95786	DDX58	False	False
Q9Y6W6	DUSP10	False	False
P03372	ESR1	True	False
P01148	GNRH1	False	False
Q9H8Y8	GORASP2	False	False
P49841	GSK3B	False	False
Q9Y624	F11R	False	False
Q9UQF2	MAPK8IP1	False	False
P78314	SH3BP2	False	False
P08173	CHRM4	False	False
O95433	AHSA1	False	False
P28221	HTR1D	False	False
O14744	PRMT5	False	False
P15336	ATF2	True	False
P54756	EPHA5	False	False
Q8TCJ0	FBXO25	False	False
Q5TA89	HES5	False	False
O43432	EIF4G3	False	False
Q12778	FOXO1	True	False
P01589	IL2RA	False	False
Q9BYX4	IFIH1	False	False
P43364	MAGEA11	False	False
P30305	CDC25B	False	False
P14598	NCF1	False	False
Q96CV9	OPTN	False	False
P41146	OPRL1	False	False
P35372	OPRM1	False	False
Q15118	PDK1	False	False
P08254	MMP3	False	False
Q9H492	MAP1LC3A	False	False
P30304	CDC25A	False	False
P48552	NRIP1	False	False
O75376	NCOR1	False	False
P10588	NR2F6	False	False
Q9P1W9	PIM2	False	False
Q9H3D4	TP63	True	False
Q86V86	PIM3	False	False
Q8N2W9	PIAS4	False	False
Q13522	PPP1R1A	False	False
P13196	ALAS1	False	False
Q9Y5N1	HRH3	False	False
Q14145	KEAP1	False	False
Q15418	RPS6KA1	False	False
Q92806	KCNJ9	False	False
P29376	LTK	False	False
P25205	MCM3	False	False
Q9BUB5	MKNK1	False	False
Q99466	NOTCH4	False	False
P51617	IRAK1	False	False
Q8NG31	KNL1	False	False
P33993	MCM7	False	False
Q13163	MAP2K5	False	False
P19878	NCF2	False	False
Q9H244	P2RY12	False	False
O15360	FANCA	False	False
Q9HD26	GOPC	False	False
Q9Y2N7	HIF3A	False	False
Q13887	KLF5	False	False
P49674	CSNK1E	False	False
P19838	NFKB1	True	False
O43189	PHF1	False	False
P43088	PTGFR	False	False
O75928	PIAS2	False	False
Q16512	PKN1	False	False
P10721	KIT	False	False
P51948	MNAT1	False	False
Q8IW41	MAPKAPK5	False	False
Q02779	MAP3K10	False	False
O14745	SLC9A3R1	False	False
P37023	ACVRL1	False	False
P36896	ACVR1B	False	False
Q12802	AKAP13	False	False
Q13625	TP53BP2	False	False
Q9Y6I3	EPN1	False	False
A8MYZ6	FOXO6	False	False
Q13094	LCP2	False	False
Q6ZMQ8	AATK	False	False
Q01538	MYT1	False	False
Q9ULV0	MYO5B	False	False
Q14566	MCM6	False	False
Q14596	NBR1	False	False
Q9Y239	NOD1	False	False
Q9BUL8	PDCD10	False	False
Q96RG2	PASK	False	False
Q08209	PPP3CA	False	False
P53779	MAPK10	False	False
O00470	MEIS1	False	False
O75592	MYCBP2	False	False
Q15843	NEDD8	False	False
P06748	NPM1	False	False
Q00987	MDM2	False	False
P55055	NR1H2	False	False
Q8IXK0	PHC2	False	False
Q13643	FHL3	False	False
P12318	FCGR2A	False	False
Q14332	FZD2	False	False
Q14469	HES1	False	False
P34932	HSPA4	False	False
Q9BYM8	RBCK1	False	False
Q9NSC5	HOMER3	False	False
Q14103	HNRNPD	False	False
P0DMV9	HSPA1B	False	False
Q13422	IKZF1	False	False
P16871	IL7R	False	False
P38484	IFNGR2	False	False
Q02556	IRF8	False	False
O43187	IRAK2	False	False
Q15811	ITSN1	False	False
Q15349	RPS6KA2	False	False
P48729	CSNK1A1	False	False
Q14192	FHL2	False	False
P31995	FCGR2C	False	False
P62942	FKBP1A	False	False
P22455	FGFR4	False	False
Q969F0	FATE1	False	False
Q8WUI4	HDAC7	False	False
O43561	LAT	False	False
Q14676	MDC1	False	False
Q8N4C6	NIN	False	False
P22413	ENPP1	False	False
Q5XUX0	FBXO31	False	False
P30273	FCER1G	False	False
O75791	GRAP2	False	False
P48051	KCNJ6	False	False
P54753	EPHB3	False	False
P10144	GZMB	False	False
P50148	GNAQ	False	False
Q9Y2T6	GPR55	False	False
Q00613	HSF1	True	False
P41743	PRKCI	False	False
P24723	PRKCH	False	False
Q9UBS0	RPS6KB2	False	False
Q9BZL6	PRKD2	False	False
Q15722	LTB4R	False	False
Q9Y4K4	MAP4K5	False	False
P41161	ETV5	False	False
Q9Y261	FOXA2	True	False
P63211	GNGT1	False	False
Q92985	IRF7	False	False
Q9UQL6	HDAC5	False	False
P14784	IL2RB	False	False
O14920	IKBKB	False	False
P05362	ICAM1	False	False
P26010	ITGB7	False	False
P08514	ITGA2B	False	False
Q00978	IRF9	True	False
P11215	ITGAM	False	False
Q8IZD2	KMT2E	False	False
P26038	MSN	False	False
O00712	NFIB	False	False
P28360	MSX1	False	False
O14974	PPP1R12A	False	False
P31260	HOXA10	False	False
P15884	TCF4	False	False
P60410	KRTAP10-8	False	False
P15941	MUC1	False	False
P41227	NAA10	False	False
P35579	MYH9	False	False
Q15599	SLC9A3R2	False	False
P21860	ERBB3	False	False
P04406	GAPDH	False	False
Q99684	GFI1	False	False
P52565	ARHGDIA	False	False
P63215	GNG3	False	False
Q9H2X6	HIPK2	False	False
P09629	HOXB7	False	False
O60237	PPP1R12B	False	False
P49116	NR2C2	False	False
P21452	TACR2	False	False
P12036	NEFH	False	False
Q14934	NFATC4	False	False
Q15303	ERBB4	False	False
P41235	HNF4A	True	False
Q9NZH6	IL37	False	False
P26951	IL3RA	False	False
P06730	EIF4E	False	False
Q9NQS7	INCENP	False	False
P23458	JAK1	False	False
Q99836	MYD88	False	False
P08235	NR3C2	False	False
Q99558	MAP3K14	False	False
Q92918	MAP4K1	False	False
Q13233	MAP3K1	False	False
P41279	MAP3K8	False	False
Q8IY33	MICALL2	False	False
Q13330	MTA1	False	False
P35580	MYH10	False	False
Q5VU43	PDE4DIP	False	False
Q9NPC6	MYOZ2	False	False
Q9BPV8	P2RY13	False	False
O75676	RPS6KA4	False	False
P23443	RPS6KB1	False	False
P30307	CDC25C	False	False
Q15080	NCF4	False	False
P46531	NOTCH1	False	False
Q08379	GOLGA2	False	False
Q9BVP2	GNL3	False	False
Q9UBP9	GULP1	False	False
Q9HBH9	MKNK2	False	False
P45984	MAPK9	False	False
O43193	MLNR	False	False
Q9Y618	NCOR2	False	False
O95944	NCR2	False	False
Q8NG66	NEK11	False	False
Q16665	HIF1A	True	False
P05556	ITGB1	False	False
P17535	JUND	True	False
Q8WYK2	JDP2	False	False
Q8IX03	WWC1	False	False
O75581	LRP6	False	False
Q99759	MAP3K3	False	False
P15172	MYOD1	False	False
P46934	NEDD4	False	False
Q8NFA2	NOXO1	False	False
Q9ULD0	OGDHL	False	False
P26927	MST1	False	False
Q8WUF5	PPP1R13L	False	False
Q13261	IL15RA	False	False
P05161	ISG15	False	False
Q99706	KIR2DL4	False	False
Q92831	KAT2B	False	False
Q9Y2K7	KDM2A	False	False
Q96T58	SPEN	False	False
Q9H8S9	MOB1A	False	False
Q9UM47	NOTCH3	False	False
O95644	NFATC1	False	False
P05106	ITGB3	False	False
Q8N5S9	CAMKK1	False	False
Q15139	PRKD1	False	False
Q9BTT6	LRRC1	False	False
Q03112	MECOM	False	False
O60285	NUAK1	False	False
P41231	P2RY2	False	False
Q9BY44	EIF2A	False	False
Q01844	EWSR1	False	False
O75460	ERN1	False	False
P53667	LIMK1	False	False
Q96PU5	NEDD4L	False	False
Q8TCU5	GRIN3A	False	False
Q86UR1	NOXA1	False	False
P00533	EGFR	False	False
Q9ULV1	FZD4	False	False
P04150	NR3C1	True	False
Q13322	GRB10	False	False
P31269	HOXA9	False	False
O15550	KDM6A	False	False
P19338	NCL	False	False
Q12904	AIMP1	False	False
Q92945	KHSRP	False	False
P29992	GNA11	False	False
Q9Y616	IRAK3	False	False
P54764	EPHA4	False	False
Q9BZS1	FOXP3	False	False
P06396	GSN	False	False
O95166	GABARAP	False	False
Q13469	NFATC2	True	False
P63092	GNAS	False	False
P78347	GTF2I	False	False
Q5VVH5	IRAK1BP1	False	False
Q96L73	NSD1	False	False
Q9H9Q4	NHEJ1	False	False
P17706	PTPN2	False	False
Q96P20	NLRP3	False	False
Q13133	NR1H3	False	False
Q13177	PAK2	False	False
O43924	PDE6D	False	False
O15350	TP73	False	False
Q92569	PIK3R3	False	False
O75925	PIAS1	False	False
P11678	EPX	False	False
Q96FA3	PELI1	False	False
P02538	KRT6A	False	False
O60341	KDM1A	False	False
Q96QZ7	MAGI1	False	False
Q02078	MEF2A	False	False
Q15596	NCOA2	False	False
Q9UBE8	NLK	False	False
P98161	PKD1	False	False
P06401	PGR	True	False
P62191	PSMC1	False	False
O75821	EIF3G	False	False
Q9H3N8	HRH4	False	False
P17181	IFNAR1	False	False
Q8NI35	PATJ	False	False
P14778	IL1R1	False	False
P41236	PPP1R2	False	False
P51787	KCNQ1	False	False
Q13237	PRKG2	False	False
P10644	PRKAR1A	False	False
O94806	PRKD3	False	False
Q96NX5	CAMK1G	False	False
P08473	MME	False	False
Q96S44	TP53RK	False	False
P25786	PSMA1	False	False
P85299	PRR5	False	False
O60500	NPHS1	False	False
Q8IWU2	LMTK2	False	False
Q96EZ8	MCRS1	False	False
O76036	NCR1	False	False
O00398	P2RY10	False	False
P28074	PSMB5	False	False
Q9NPB6	PARD6A	False	False
Q12972	PPP1R8	False	False
Q92786	PROX1	False	False
Q96L91	EP400	False	False
O14522	PTPRT	False	False
P62491	RAB11A	False	False
P62834	RAP1A	False	False
Q8WWW0	RASSF5	False	False
Q15311	RALBP1	False	False
P61586	RHOA	False	False
Q9Y6Q9	NCOA3	False	False
P43354	NR4A2	False	False
Q15466	NR0B2	False	False
P08651	NFIC	True	False
Q04721	NOTCH2	False	False
Q96IZ0	PAWR	False	False
Q99623	PHB2	False	False
Q9H4B4	PLK3	False	False
P31751	AKT2	False	False
P15036	ETS2	True	False
Q92615	LARP4B	False	False
P42336	PIK3CA	False	False
Q9HAZ2	PRDM16	False	False
Q16644	MAPKAPK3	False	False
Q9Y6K9	IKBKG	False	False
Q16621	NFE2	False	False
Q96FW1	OTUB1	False	False
P55085	F2RL1	False	False
Q16549	PCSK7	False	False
Q92900	UPF1	False	False
Q16873	LTC4S	False	False
Q9UJ55	MAGEL2	False	False
O15264	MAPK13	False	False
O95140	MFN2	False	False
Q12866	MERTK	False	False
Q92887	ABCC2	False	False
Q969V6	MRTFA	False	False
Q9BYG4	PARD6G	False	False
P47712	PLA2G4A	False	False
P43119	PTGIR	False	False
P35354	PTGS2	False	False
P41145	OPRK1	False	False
O00254	F2RL2	False	False
P43116	PTGER2	False	False
Q8NAV1	PRPF38A	False	False
P53778	MAPK12	False	False
P36507	MAP2K2	False	False
Q9NX02	NLRP2	False	False
Q92570	NR4A3	False	False
O75914	PAK3	False	False
P01127	PDGFB	False	False
P35408	PTGER4	False	False
Q13882	PTK6	False	False
P35398	RORA	False	False
Q96BH1	RNF25	False	False
Q96T23	RSF1	False	False
P19793	RXRA	True	False
P35346	SSTR5	False	False
P62877	RBX1	False	False
P01111	NRAS	False	False
O14807	MRAS	False	False
Q96T51	RUFY1	False	False
Q92665	MRPS31	False	False
O95136	S1PR2	False	False
O60880	SH2D1A	False	False
Q9UQ13	SHOC2	False	False
Q9H0K1	SIK2	False	False
P48443	RXRG	False	False
Q15036	SNX17	False	False
Q8WXH5	SOCS4	False	False
P21731	TBXA2R	False	False
Q9BVA1	TUBB2B	False	False
P08621	SNRNP70	False	False
Q9UHD8	SEPTIN9	False	False
Q15109	AGER	False	False
Q8TDY2	RB1CC1	False	False
P63000	RAC1	False	False
O00212	RHOD	False	False
Q92730	RND1	False	False
O43255	SIAH2	False	False
Q13043	STK4	False	False
Q9UMX1	SUFU	False	False
P42229	STAT5A	True	False
P31391	SSTR4	False	False
Q9UL54	TAOK2	False	False
O60934	NBN	False	False
Q86V24	ADIPOR2	False	False
O15162	PLSCR1	False	False
O43614	HCRTR2	False	False
O43613	HCRTR1	False	False
P30101	PDIA3	False	False
P35813	PPM1A	False	False
P53350	PLK1	False	False
P35236	PTPN7	False	False
O75444	MAF	False	False
P14174	MIF	False	False
P11717	IGF2R	False	False
Q7L9L4	MOB1B	False	False
Q15788	NCOA1	False	False
Q13772	NCOA4	False	False
P22736	NR4A1	False	False
O95835	LATS1	False	False
P33991	MCM4	False	False
O43639	NCK2	False	False
Q9HC29	NOD2	False	False
P10242	MYB	True	False
Q8TEW0	PARD3	False	False
Q00722	PLCB2	False	False
Q07869	PPARA	True	False
Q96JA1	LRIG1	False	False
P46734	MAP2K3	False	False
P28698	MZF1	False	False
Q96F24	NRBF2	False	False
P29371	TACR3	False	False
Q13287	NMI	False	False
P25103	TACR1	False	False
P29074	PTPN4	False	False
P48382	RFX5	True	False
Q9NRM7	LATS2	False	False
Q9BVC4	MLST8	False	False
Q9BTE3	MCMBP	False	False
Q9Y2U5	MAP3K2	False	False
Q16539	MAPK14	False	False
P45983	MAPK8	False	False
Q9GZQ8	MAP1LC3B	False	False
Q9NPP4	NLRC4	False	False
P09874	PARP1	False	False
P12004	PCNA	False	False
P09619	PDGFRB	False	False
P23511	NFYA	True	False
O14733	MAP2K7	False	False
P45985	MAP2K4	False	False
Q14686	NCOA6	False	False
P54278	PMS2	False	False
P59046	NLRP12	False	False
Q96RI1	NR1H4	False	False
Q9BSJ6	PIMREG	False	False
P14923	JUP	False	False
Q92878	RAD50	False	False
O95747	OXSR1	False	False
Q9NQ66	PLCB1	False	False
Q9UIW2	PLXNA1	False	False
P62714	PPP2CB	False	False
P29350	PTPN6	False	False
P49768	PSEN1	False	False
Q12851	MAP4K2	False	False
O60244	MED14	False	False
Q15233	NONO	False	False
O96028	NSD2	False	False
Q9NRY4	ARHGAP35	False	False
Q96HA8	NTAQ1	False	False
P13631	RARG	False	False
P50749	RASSF2	False	False
Q9NQL2	RRAGD	False	False
Q16666	IFI16	False	False
P05412	JUN	True	False
Q14653	IRF3	False	False
P52333	JAK3	False	False
Q8NA54	IQUB	False	False
Q06413	MEF2C	False	False
Q5JR59	MTUS2	False	False
Q96PY6	NEK1	False	False
P01138	NGF	False	False
Q16620	NTRK2	False	False
P16298	PPP3CB	False	False
P62277	RPS13	False	False
O95453	PARN	False	False
Q01973	ROR1	False	False
O76064	RNF8	False	False
Q92565	RAPGEF5	False	False
Q01201	RELB	True	False
P04049	RAF1	False	False
P27635	RPL10	False	False
Q9H093	NUAK2	False	False
Q9UBT6	POLK	False	False
Q13635	PTCH1	False	False
P54725	RAD23A	False	False
Q9UHV8	LGALS13	False	False
Q9UBF6	RNF7	False	False
P25791	LMO2	False	False
Q96S59	RANBP9	False	False
P62826	RAN	False	False
P60763	RAC3	False	False
P01116	KRAS	False	False
P63244	RACK1	False	False
P62913	RPL11	False	False
Q8N122	RPTOR	False	False
Q5S007	LRRK2	False	False
O15146	MUSK	False	False
P51955	NEK2	False	False
Q8TAT6	NPLOC4	False	False
P51843	NR0B1	False	False
P53041	PPP5C	False	False
Q13308	PTK7	False	False
O75116	ROCK2	False	False
P61244	MAX	False	False
Q8IZL2	MAML2	False	False
P13056	NR2C1	False	False
Q06830	PRDX1	False	False
Q8TCU6	PREX1	False	False
Q8TE76	MORC4	False	False
Q06587	RING1	False	False
Q3KR16	PLEKHG6	False	False
P15153	RAC2	False	False
P62888	RPL30	False	False
O15294	OGT	False	False
P16234	PDGFRA	False	False
Q9HAT8	PELI2	False	False
P30086	PEBP1	False	False
Q9P212	PLCE1	False	False
O14939	PLD2	False	False
Q13153	PAK1	False	False
P30559	OXTR	False	False
P35227	PCGF2	False	False
Q99497	PARK7	False	False
Q9HBE1	PATZ1	False	False
Q9UKJ1	PILRA	False	False
Q13492	PICALM	False	False
Q99697	PITX2	False	False
P16885	PLCG2	False	False
O43586	PSTPIP1	False	False
Q03181	PPARD	False	False
Q9BXW4	MAP1LC3C	False	False
P35240	NF2	False	False
P46777	RPL5	False	False
P34995	PTGER1	False	False
P43115	PTGER3	False	False
O00444	PLK4	False	False
P05186	ALPL	False	False
Q13563	PKD2	False	False
P16471	PRLR	False	False
Q9HAU5	UPF2	False	False
Q08999	RBL2	False	False
P15918	RAG1	False	False
P01112	HRAS	False	False
Q17RB8	LONRF1	False	False
Q8WX93	PALLD	False	False
P11309	PIM1	False	False
O75688	PPM1B	False	False
P00747	PLG	False	False
P28749	RBL1	False	False
P11234	RALB	False	False
O14593	RFXANK	True	False
Q99608	NDN	False	False
Q99801	NKX3-1	False	False
Q9NZQ7	CD274	False	False
Q06710	PAX8	True	False
O00459	PIK3R2	False	False
O43395	PRPF3	False	False
P54821	PRRX1	False	False
Q70Z35	PREX2	False	False
Q9UBK2	PPARGC1A	False	False
P49757	NUMB	False	False
O15297	PPM1D	False	False
P60484	PTEN	False	False
O75807	PPP1R15A	False	False
Q07890	SOS2	False	False
P51531	SMARCA2	False	False
P13984	GTF2F2	False	False
Q05209	PTPN12	False	False
Q9NYA1	SPHK1	False	False
Q13573	SNW1	False	False
P52630	STAT2	True	False
Q9NR97	TLR8	False	False
Q9UHD2	TBK1	False	False
Q12837	POU4F2	False	False
P25788	PSMA3	False	False
Q9Y2R2	PTPN22	False	False
Q04206	RELA	True	False
P23469	PTPRE	False	False
Q9HC62	SENP2	False	False
P04271	S100B	False	False
Q9UQQ2	SH2B3	False	False
P08047	SP1	True	False
Q15797	SMAD1	False	False
P63165	SUMO1	False	False
Q9NYY3	PLK2	False	False
P07737	PFN1	False	False
Q9Y3M8	STARD13	False	False
P15531	NME1	False	False
Q96Q15	SMG1	False	False
Q6IA17	SIGIRR	False	False
P78371	CCT2	False	False
Q01974	ROR2	False	False
Q9HCK4	ROBO2	False	False
Q13501	SQSTM1	False	False
Q9BRV8	SIKE1	False	False
Q15022	SUZ12	False	False
Q9UQ80	PA2G4	False	False
P28827	PTPRM	False	False
P47736	RAP1GAP	False	False
Q15465	SHH	False	False
P63208	SKP1	False	False
O15105	SMAD7	False	False
P78317	RNF4	False	False
Q15637	SF1	False	False
Q9UD71	PPP1R1B	False	False
O00329	PIK3CD	False	False
P46779	RPL28	False	False
Q9BX66	SORBS1	False	False
P57059	SIK1	False	False
P51692	STAT5B	True	False
O14543	SOCS3	False	False
Q96SB4	SRPK1	False	False
O00327	ARNTL	True	False
O95817	BAG3	False	False
Q9UNH5	CDC14A	False	False
P13500	CCL2	False	False
P41597	CCR2	False	False
Q9BT78	COPS4	False	False
Q96G01	BICD1	False	False
Q8N726	CDKN2A	False	False
Q9BSB4	ATG101	False	False
O60238	BNIP3L	False	False
Q9UIG0	BAZ1B	False	False
Q9ULV8	CBLC	False	False
Q99873	PRMT1	False	False
Q99933	BAG1	False	False
Q16548	BCL2A1	False	False
Q14457	BECN1	False	False
P07766	CD3E	False	False
P11802	CDK4	False	False
Q96LC9	BMF	False	False
Q99728	BARD1	False	False
Q9BXH1	BBC3	False	False
P17655	CAPN2	False	False
Q13137	CALCOCO2	False	False
P55212	CASP6	False	False
O00311	CDC7	False	False
P08571	CD14	False	False
Q6UWZ7	ABRAXAS1	False	False
Q9UM73	ALK	False	False
O43683	BUB1	False	False
Q8IWQ3	BRSK2	False	False
Q07812	BAX	False	False
P51636	CAV2	False	False
P50406	HTR6	False	False
P07355	ANXA2	False	False
P10398	ARAF	False	False
P49407	ARRB1	False	False
Q6ZUJ8	PIK3AP1	False	False
Q9NR09	BIRC6	False	False
Q96CA5	BIRC7	False	False
Q6W2J9	BCOR	False	False
P11836	MS4A1	False	False
P12814	ACTN1	False	False
P63151	PPP2R2A	False	False
P60709	ACTB	False	False
P30556	AGTR1	False	False
Q13515	BFSP2	False	False
P38398	BRCA1	False	False
Q86VB7	CD163	False	False
Q5EG05	CARD16	False	False
P10809	HSPD1	False	False
P27348	YWHAQ	False	False
P18089	ADRA2B	False	False
Q8WV28	BLNK	False	False
O14503	BHLHE40	False	False
Q9UQB8	BAIAP2	False	False
Q9NY61	AATF	False	False
P42771	CDKN2A	False	False
P07384	CAPN1	False	False
P24864	CCNE1	False	False
P30281	CCND3	False	False
Q00535	CDK5	False	False
P18825	ADRA2C	False	False
Q9NZN5	ARHGEF12	False	False
P56945	BCAR1	False	False
Q8TDC3	BRSK1	False	False
Q6ZNE5	ATG14	False	False
Q92843	BCL2L2	False	False
P32238	CCKAR	False	False
P33151	CDH5	False	False
Q92851	CASP10	False	False
P53567	CEBPG	False	False
O60563	CCNT1	False	False
O15392	BIRC5	False	False
P78543	BTG2	False	False
Q16543	CDC37	False	False
Q07912	TNK2	False	False
P05067	APP	False	False
P63261	ACTG1	False	False
Q13323	BIK	False	False
P56817	BACE1	False	False
Q92793	CREBBP	False	False
Q8NER5	ACVR1C	False	False
Q9NR80	ARHGEF4	False	False
P15514	AREG	False	False
O00555	CACNA1A	False	False
Q8IVM0	CCDC50	False	False
Q86UP0	CDH24	False	False
P27695	APEX1	False	False
P63010	AP2B1	False	False
Q03135	CAV1	False	False
P08195	SLC3A2	False	False
P00519	ABL1	False	False
P35226	BMI1	False	False
Q86VP6	CAND1	False	False
P12830	CDH1	False	False
P00918	CA2	False	False
Q01850	CDR2	False	False
P06493	CDK1	False	False
P31946	YWHAB	False	False
P11229	CHRM1	False	False
P28335	HTR2C	False	False
P35869	AHR	False	False
P54132	BLM	False	False
P51451	BLK	False	False
O95999	BCL10	False	False
P47710	CSN1S1	False	False
P01730	CD4	False	False
P50052	AGTR2	False	False
P25054	APC	False	False
P18846	ATF1	True	False
O14874	BCKDK	False	False
P20309	CHRM3	False	False
P08172	CHRM2	False	False
P28566	HTR1E	False	False
P20749	BCL3	False	False
O43521	BCL2L11	False	False
P10415	BCL2	False	False
Q4KMG0	CDON	False	False
Q6ZSZ5	ARHGEF18	False	False
Q14289	PTK2B	False	False
Q96A26	FAM162A	False	False
O15117	FYB1	False	False
P81274	GPSM2	False	False
P61978	HNRNPK	False	False
P32927	CSF2RB	False	False
O60271	SPAG9	False	False
Q15306	IRF4	False	False
P01023	A2M	False	False
P34969	HTR7	False	False
Q9H4M9	EHD1	False	False
P14672	SLC2A4	False	False
Q13547	HDAC1	False	False
P48357	LEPR	False	False
P35680	HNF1B	False	False
Q13387	MAPK8IP2	False	False
Q92993	KAT5	False	False
P29323	EPHB2	False	False
O95267	RASGRP1	False	False
P20823	HNF1A	False	False
Q04637	EIF4G1	False	False
Q05655	PRKCD	False	False
P08908	HTR1A	False	False
P35368	ADRA1B	False	False
Q13642	FHL1	False	False
O14686	KMT2D	False	False
P30939	HTR1F	False	False
P35609	ACTN2	False	False
P15407	FOSL1	True	False
Q92837	FRAT1	False	False
Q13362	PPP2R5C	False	False
Q04917	YWHAH	False	False
P54619	PRKAG1	False	False
O43707	ACTN4	False	False
Q96EY1	DNAJA3	False	False
P14921	ETS1	True	False
P35367	HRH1	False	False
P05107	ITGB2	False	False
Q9Y6F6	IRAG1	False	False
Q96RR4	CAMKK2	False	False
Q07666	KHDRBS1	False	False
P78368	CSNK1G2	False	False
Q05513	PRKCZ	False	False
P09601	HMOX1	False	False
Q5VWK5	IL23R	False	False
Q6A162	KRT40	False	False
Q9Y2D8	SSX2IP	False	False
Q13144	EIF2B5	False	False
Q15375	EPHA7	False	False
P29317	EPHA2	False	False
Q96RT1	ERBIN	False	False
P49356	FNTB	False	False
P19086	GNAZ	False	False
Q9UPT6	MAPK8IP3	False	False
P0DMS8	ADORA3	False	False
Q9NWB6	ARGLU1	False	False
Q05215	EGR4	False	False
Q13480	GAB1	False	False
P26371	KRTAP5-9	False	False
Q14155	ARHGEF7	False	False
Q8IXJ9	ASXL1	False	False
Q9H4E7	DEF6	False	False
P60981	DSTN	False	False
Q13115	DUSP4	False	False
P35462	DRD3	False	False
O15371	EIF3D	False	False
P54762	EPHB1	False	False
Q8IYU2	HACE1	False	False
O14672	ADAM10	False	False
Q9Y4P1	ATG4B	False	False
O96017	CHEK2	False	False
P60953	CDC42	False	False
P51946	CCNH	False	False
Q9NSE2	CISH	False	False
Q8N668	COMMD1	False	False
Q9Y281	CFL2	False	False
Q99418	CYTH2	False	False
P55957	BID	False	False
P20807	CAPN3	False	False
P27797	CALR	False	False
P55210	CASP7	False	False
Q9H257	CARD9	False	False
Q9UER7	DAXX	False	False
O43823	AKAP8	False	False
Q15052	ARHGEF6	False	False
O94817	ATG12	False	False
Q96GD4	AURKB	False	False
P10747	CD28	False	False
Q00526	CDK3	False	False
Q9HAW4	CLSPN	False	False
Q00610	CLTC	False	False
Q92905	COPS5	False	False
P68400	CSNK2A1	False	False
P25025	CXCR2	False	False
P53355	DAPK1	False	False
O00571	DDX3X	False	False
P49916	LIG3	False	False
P50570	DNM2	False	False
O15169	AXIN1	False	False
P51813	BMX	False	False
Q13873	BMPR2	False	False
Q6PGQ7	BORA	False	False
P06127	CD5	False	False
P21854	CD72	False	False
P20248	CCNA2	False	False
Q14185	DOCK1	False	False
P08246	ELANE	False	False
P12236	SLC25A6	False	False
P12235	SLC25A4	False	False
O14727	APAF1	False	False
P30411	BDKRB2	False	False
P40123	CAP2	False	False
P25101	EDNRA	False	False
P28223	HTR2A	False	False
Q9NR81	ARHGEF3	False	False
O15085	ARHGEF11	False	False
O75618	DEDD	False	False
P21918	DRD5	False	False
Q9H8V3	ECT2	False	False
P13688	CEACAM1	False	False
Q08426	EHHADH	False	False
P01008	SERPINC1	False	False
P05023	ATP1A1	False	False
Q9HC52	CBX8	False	False
P31146	CORO1A	False	False
O60716	CTNND1	False	False
P62330	ARF6	False	False
Q92974	ARHGEF2	False	False
P19022	CDH2	False	False
P08311	CTSG	False	False
P20963	CD247	False	False
P14635	CCNB1	False	False
O43186	CRX	False	False
Q13620	CUL4B	False	False
P08588	ADRB1	False	False
O00213	APBB1	False	False
Q99626	CDX2	True	False
P15391	CD19	False	False
P49760	CLK2	False	False
P10589	NR2F1	False	False
Q99708	RBBP8	False	False
Q96EX3	DYNC2I2	False	False
Q9NRA8	EIF4ENIF1	False	False
Q13542	EIF4EBP2	False	False
O75689	ADAP1	False	False
Q15370	ELOB	False	False
P19235	EPOR	False	False
P49354	FNTA	False	False
O95967	EFEMP2	False	False
Q5NUL3	FFAR4	False	False
P35221	CTNNA1	False	False
Q16832	DDR2	False	False
P21709	EPHA1	False	False
O95257	GADD45G	False	False
O00238	BMPR1B	False	False
P46527	CDKN1B	False	False
Q92997	DVL3	False	False
Q13347	EIF3I	False	False
P58012	FOXL2	True	False
Q13794	PMAIP1	False	False
P52757	CHN2	False	False
P24863	CCNC	False	False
Q53EZ4	CEP55	False	False
Q8TEW6	DOK4	False	False
Q09472	EP300	False	False
P02679	FGG	False	False
P36888	FLT3	False	False
P32239	CCKBR	False	False
Q9UN86	G3BP2	False	False
Q12983	BNIP3	False	False
P53004	BLVRA	False	False
Q14790	CASP8	False	False
P34972	CNR2	False	False
Q13617	CUL2	False	False
Q9H2U1	DHX36	False	False
P01588	EPO	False	False
P07550	ADRB2	False	False
O00192	ARVCF	False	False
Q13191	CBLB	False	False
O15516	CLOCK	False	False
O43293	DAPK3	False	False
P25685	DNAJB1	False	False
O14641	DVL2	False	False
P15170	GSPT1	False	False
P05549	TFAP2A	True	False
Q06187	BTK	False	False
O60729	CDC14B	False	False
P41182	BCL6	False	False
Q9UNE7	STUB1	False	False
Q9UNN5	FAF1	False	False
Q14232	EIF2B1	False	False
Q9Y3I1	FBXO7	False	False
P31994	FCGR2B	False	False
P21802	FGFR2	False	False
Q9C0C7	AMBRA1	False	False
Q9UPZ9	CILK1	False	False
Q14203	DCTN1	False	False
Q9Y6K1	DNMT3A	False	False
P26358	DNMT1	False	False
Q9BV47	DUSP26	False	False
P07332	FES	False	False
Q96KP1	EXOC2	False	False
Q13535	ATR	False	False
P55317	FOXA1	True	False
P31749	AKT1	False	False
Q15438	CYTH1	False	False
Q13574	DGKZ	False	False
Q9BQ95	ECSIT	False	False
Q68CZ1	RPGRIP1L	False	False
Q05397	PTK2	False	False
P62873	GNB1	False	False
P05198	EIF2S1	False	False
P12268	IMPDH2	False	False
P0DMV8	HSPA1A	False	False
Q9UKT9	IKZF3	False	False
Q9HBE5	IL21R	False	False
O75582	RPS6KA5	False	False
Q14680	MELK	False	False
P08581	MET	False	False
Q16659	MAPK6	False	False
Q8IV61	RASGRP3	False	False
P48549	KCNJ3	False	False
P48730	CSNK1D	False	False
O15553	MEFV	False	False
Q9NPG1	FZD3	False	False
Q13588	GRAP	False	False
P49840	GSK3A	False	False
Q92896	GLG1	False	False
P84243	H3-3A/H3-3B	False	False
O43464	HTRA2	False	False
P04035	HMGCR	False	False
Q9P2W1	PSMC3IP	False	False
P24394	IL4R	False	False
O95760	IL33	False	False
P14151	SELL	False	False
O43283	MAP3K13	False	False
Q15172	PPP2R5A	False	False
Q04771	ACVR1	False	False
Q8TDV5	GPR119	False	False
P52926	HMGA2	False	False
Q2M1P5	KIF7	False	False
P16109	SELP	False	False
P27361	MAPK3	False	False
P28482	MAPK1	False	False
P25100	ADRA1D	False	False
P08913	ADRA2A	False	False
P29972	AQP1	False	False
P28324	ELK4	False	False
P55884	EIF3B	False	False
Q92731	ESR2	True	False
Q14344	GNA13	False	False
P56524	HDAC4	False	False
P61925	PKIA	False	False
P10914	IRF1	True	False
P27816	MAP4	False	False
Q8IZP0	ABI1	False	False
P29275	ADORA2B	False	False
Q13639	HTR4	False	False
Q4VCS5	AMOT	False	False
P50402	EMD	False	False
P29322	EPHA8	False	False
Q9UBN7	HDAC6	False	False
Q04759	PRKCQ	False	False
Q9UDY8	MALT1	False	False
Q12852	MAP3K12	False	False
Q99683	MAP3K5	False	False
O15151	MDM4	False	False
Q9Y6R4	MAP3K4	False	False
O14842	FFAR1	False	False
O00144	FZD9	False	False
Q96CN9	GCC1	False	False
P63096	GNAI1	False	False
P42858	HTT	False	False
P62805	H4C1/H4C2/H4C3/H4C4/H4C5/H4C6/H4C8/H4C9/H4C11/H4C12/H4C13/H4C14/H4C15/H4-16	False	False
O00214	LGALS8	False	False
P57678	GEMIN4	False	False
Q9HC97	GPR35	False	False
Q14164	IKBKE	False	False
Q8IU81	IRF2BP1	False	False
P46695	IER3	False	False
P13612	ITGA4	False	False
Q15648	MED1	False	False
Q7KZI7	MARK2	False	False
O00255	MEN1	False	False
P78348	ASIC1	False	False
P15976	GATA1	True	False
P25963	NFKBIA	False	False
O00505	KPNA3	False	False
P48551	IFNAR2	False	False
P32942	ICAM3	False	False
P17096	HMGA1	False	False
Q9BYH8	NFKBIZ	False	False
Q14974	KPNB1	False	False
Q9NWZ3	IRAK4	False	False
P14616	INSRR	False	False
Q8IVT5	KSR1	False	False
Q8TD08	MAPK15	False	False
P40692	MLH1	False	False
P10070	GLI2	True	False
P05129	PRKCG	False	False
Q9UQM7	CAMK2A	False	False
P05771	PRKCB	False	False
P17612	PRKACA	False	False
Q92633	LPAR1	False	False
P08253	MMP2	False	False
Q8N3R9	MPP5	False	False
P98177	FOXO4	True	False
P21462	FPR1	False	False
Q13227	GPS2	False	False
O14964	HGS	False	False
P46940	IQGAP1	False	False
Q6VAB6	KSR2	False	False
P42345	MTOR	False	False
P49286	MTNR1B	False	False
P24588	AKAP5	False	False
P18850	ATF6	True	False
P60228	EIF3E	False	False
Q9Y4C1	KDM3A	False	False
Q02156	PRKCE	False	False
O14944	EREG	False	False
P13645	KRT10	False	False
Q9NYL2	MAP3K20	False	False
Q13576	IQGAP2	False	False
Q9UJU2	LEF1	True	False
P09382	LGALS1	False	False
Q92585	MAML1	False	False
Q13158	FADD	False	False
Q9UFN0	NIPSNAP3A	False	False
O43559	FRS3	False	False
Q9Y496	KIF3A	False	False
P53671	LIMK2	False	False
Q8IZQ8	MYOCD	False	False
P49736	MCM2	False	False
P50281	MMP14	False	False
P18564	ITGB6	False	False
P06213	INSR	False	False
Q14012	CAMK1	False	False
Q13554	CAMK2B	False	False
P32121	ARRB2	False	False
Q96J02	ITCH	False	False
Q13568	IRF5	False	False
P32245	MC4R	False	False
Q15759	MAPK11	False	False
Q7Z5R6	APBB1IP	False	False
P08912	CHRM5	False	False
P54646	PRKAA2	False	False
Q15717	ELAVL1	False	False
P16591	FER	False	False
Q13255	GRM1	False	False
P22694	PRKACB	False	False
P51812	RPS6KA3	False	False
Q8N752	CSNK1A1L	False	False
Q15345	LRRC41	False	False
Q9NPC1	LTB4R2	False	False
O43524	FOXO3	True	False
P23771	GATA3	True	False
P43405	SYK	False	False
Q07866	KLC1	False	False
Q03164	KMT2A	False	False
Q5T700	LDLRAD1	False	False
P49137	MAPKAPK2	False	False
P46821	MAP1B	False	False
Q96JK9	MAML3	False	False
Q16584	MAP3K11	False	False
Q01543	FLI1	True	False
P23945	FSHR	False	False
Q99527	GPER1	False	False
Q14526	HIC1	False	False
P07900	HSP90AA1	False	False
O60684	KPNA6	False	False
P52292	KPNA2	False	False
Q14005	IL16	False	False
P05783	KRT18	False	False
P78552	IL13RA1	False	False
O95251	KAT7	False	False
P59768	GNG2	False	False
P60520	GABARAPL2	False	False
Q14643	ITPR1	False	False
Q8TBB1	LNX1	False	False
Q13283	G3BP1	False	False
Q9ULV5	HSF4	False	False
P14618	PKM	False	False
O95163	ELP1	False	False
P17813	ENG	False	False
Q969H0	FBXW7	False	False
P52566	ARHGDIB	False	False
Q03113	GNA12	False	False
P34947	GRK5	False	False
Q9BQS8	FYCO1	False	False
P16520	GNB3	False	False
P31785	IL2RG	False	False
O00221	NFKBIE	False	False
P40189	IL6ST	False	False
P01583	IL1A	False	False
P20810	CAST	False	False
P18084	ITGB5	False	False
P17275	JUNB	False	False
P04626	ERBB2	False	False
P11362	FGFR1	False	False
Q9H422	HIPK3	False	False
P25021	HRH2	False	False
P17252	PRKCA	False	False
P31323	PRKAR2B	False	False
Q16566	CAMK4	False	False
P16150	SPN	False	False
P30542	ADORA1	False	False
Q14738	PPP2R5D	False	False
P54760	EPHB4	False	False
P05231	IL6	False	False
O60674	JAK2	False	False
Q9Y4H2	IRS2	False	False
Q8NFG4	FLCN	False	False
Q14318	FKBP8	False	False
P12314	FCGR1A	False	False
P05230	FGF1	False	False
O60353	FZD6	False	False
P01100	FOS	True	False
P10912	GHR	False	False
P16104	H2AX	False	False
O15379	HDAC3	False	False
Q9H0B6	KLC2	False	False
Q13557	CAMK2D	False	False
P16581	SELE	False	False
Q7Z434	MAVS	False	False
P63104	YWHAZ	False	False
P04792	HSPB1	False	False
P16144	ITGB4	False	False
P04264	KRT1	False	False
Q13976	PRKG1	False	False
Q92794	KAT6A	False	False
Q12809	KCNH2	False	False
Q01094	E2F1	True	False
Q9UF33	EPHA6	False	False
P11308	ERG	True	False
Q13467	FZD5	False	False
P09341	CXCL1	False	False
Q15078	CDK5R1	False	False
Q12959	DLG1	False	False
P51452	DUSP3	False	False
P19525	EIF2AK2	False	False
P68871	HBB	False	False
P11021	HSPA5	False	False
Q0VDD7	BRME1	False	False
P11274	BCR	False	False
P55774	CCL18	False	False
P45973	CBX5	False	False
P42574	CASP3	False	False
P22681	CBL	False	False
P30260	CDC27	False	False
Q16875	PFKFB3	False	False
Q8WU20	FRS2	False	False
Q9UQC2	GAB2	False	False
Q92805	GOLGA1	False	False
P04899	GNAI2	False	False
Q9NRD1	FBXO6	False	False
P08637	FCGR3A	False	False
Q9UP38	FZD1	False	False
Q9UBI6	GNG12	False	False
P08631	HCK	False	False
O75143	ATG13	False	False
P42773	CDKN2C	False	False
P39687	ANP32A	False	False
Q9UKB1	FBXW11	False	False
Q86XK2	FBXO11	False	False
P49915	GMPS	False	False
Q00839	HNRNPU	False	False
P18847	ATF3	False	False
P29320	EPHA3	False	False
Q9GZT9	EGLN1	False	False
Q9UJM3	ERRFI1	False	False
Q9H0R8	GABARAPL1	False	False
P31947	SFN	False	False
Q9NRW4	DUSP22	False	False
Q9Y463	DYRK1B	False	False
Q99814	EPAS1	True	False
Q9BXW9	FANCD2	False	False
P11171	EPB41	False	False
Q9NQX3	GPHN	False	False
P50995	ANXA11	False	False
Q9NR28	DIABLO	False	False
Q9NR30	DDX21	False	False
O75461	E2F6	False	False
O00303	EIF3F	False	False
Q13451	FKBP5	False	False
Q9UKT4	FBXO5	False	False
Q9Y297	BTRC	False	False
Q9HCN6	GP6	False	False
P69905	HBA1/HBA2	False	False
P78536	ADAM17	False	False
P54253	ATXN1	False	False
Q9Y2T1	AXIN2	False	False
O15519	CFLAR	False	False
P13569	CFTR	False	False
Q92769	HDAC2	False	False
Q9ULZ3	PYCARD	False	False
Q8WTR2	DUSP19	False	False
Q96CW1	AP2M1	False	False
P42772	CDKN2B	False	False
Q15027	ACAP1	False	False
Q13444	ADAM15	False	False
P28562	DUSP1	False	False
P18146	EGR1	True	False
Q9P2M7	CGN	False	False
P30622	CLIP1	False	False
O43734	TRAF3IP2	False	False
Q08345	DDR1	False	False
P78352	DLG4	False	False
O75530	EED	False	False
O14640	DVL1	False	False
Q8TB45	DEPTOR	False	False
P25098	GRK2	False	False
P15056	BRAF	False	False
Q9Y2G2	CARD8	False	False
P32519	ELF1	False	False
Q5VWQ8	DAB2IP	False	False
O00716	E2F3	True	False
P14625	HSP90B1	False	False
P15311	EZR	False	False
Q92934	BAD	False	False
Q9NS75	CYSLTR2	False	False
P49917	LIG4	False	False
P14416	DRD2	False	False
Q14194	CRMP1	False	False
P0DP25	CALM3	False	False
P20138	CD33	False	False
Q9Y2V2	CARHSP1	False	False
Q9BY84	DUSP16	False	False
O43281	EFS	False	False
P41595	HTR2B	False	False
P29466	CASP1	False	False
Q9BX69	CARD6	False	False
Q99828	CIB1	False	False
P35222	CTNNB1	False	False
Q9H1Y0	ATG5	False	False
Q9C0K0	BCL11B	False	False
P18075	BMP7	False	False
P49336	CDK8	False	False
Q9UNS2	COPS3	False	False
P15509	CSF2RA	False	False
Q9NQC7	CYLD	False	False
Q99704	DOK1	False	False
P20273	CD22	False	False
Q13098	GPS1	False	False
P19784	CSNK2A2	False	False
Q9BUF7	CRB3	False	False
P16410	CTLA4	False	False
Q9UQB3	CTNND2	False	False
Q9H467	CUEDC2	False	False
P98082	DAB2	False	False
Q13131	PRKAA1	False	False
O14490	DLGAP1	False	False
Q5THR3	EFCAB6	False	False
Q96KS0	EGLN2	False	False
Q8NFZ0	FBH1	False	False
P02751	FN1	False	False
Q8IX07	ZFPM1	False	False
P22607	FGFR3	False	False
Q14451	GRB7	False	False
P28222	HTR1B	False	False
P09769	FGR	False	False
P10275	AR	True	False
Q9NPI1	BRD7	False	False
P63167	DYNLL1	False	False
Q14209	E2F2	True	False
Q9H6Z9	EGLN3	False	False
Q96B36	AKT1S1	False	False
Q13443	ADAM9	False	False
P35348	ADRA1A	False	False
P84077	ARF1	False	False
P04083	ANXA1	False	False
Q96KQ7	EHMT2	False	False
P19419	ELK1	True	False
Q02790	FKBP4	False	False
Q5JY77	GPRASP1	False	False
P52306	RAP1GDS1	False	False
P30679	GNA15	False	False
Q9Y478	PRKAB1	False	False
P61981	YWHAG	False	False
Q9NT62	ATG3	False	False
Q8WXF8	DEDD2	False	False
P68104	EEF1A1	False	False
P21728	DRD1	False	False
Q9H2F5	EPC1	False	False
P42685	FRK	False	False
P09958	FURIN	False	False
P23769	GATA2	True	False
Q14161	GIT2	False	False
P62993	GRB2	False	False
Q12967	RALGDS	False	False
Q9Y243	AKT3	False	False
Q08211	DHX9	False	False
Q13217	DNAJC3	False	False
Q9UKG1	APPL1	False	False
P15502	ELN	False	False
P01133	EGF	False	False
Q9UKT5	FBXO4	False	False
P06241	FYN	False	False
Q03701	CEBPZ	False	False
Q9Y271	CYSLTR1	False	False
Q9Y4D1	DAAM1	False	False
Q9HB71	CACYBP	False	False
Q13011	ECH1	False	False
Q16828	DUSP6	False	False
Q13627	DYRK1A	False	False
P18848	ATF4	True	False
P24468	NR2F2	False	False
Q9P2K8	EIF2AK4	False	False
O95352	ATG7	False	False
P09693	CD3G	False	False
P13611	VCAN	False	False
P07333	CSF1R	False	False
P99999	CYCS	False	False
Q13618	CUL3	False	False
Q9Y4B4	RAD54L2	False	False
P21127	CDK11B	False	False
Q7L5N1	COPS6	False	False
P41240	CSK	False	False
P50750	CDK9	False	False
Q8NHY2	COP1	False	False
P46109	CRKL	False	False
P09603	CSF1	False	False
Q13619	CUL4A	False	False
P36894	BMPR1A	False	False
O60885	BRD4	False	False
P55211	CASP9	False	False
Q9UKL3	CASP8AP2	False	False
Q07021	C1QBP	False	False
P51681	CCR5	False	False
Q6P1J9	CDC73	False	False
Q9HAZ1	CLK4	False	False
P61201	COPS2	False	False
P16220	CREB1	True	False
P61073	CXCR4	False	False
Q13616	CUL1	False	False
P49913	CAMP	False	False
P04040	CAT	False	False
Q99627	COPS8	False	False
Q13363	CTBP1	False	False
Q93034	CUL5	False	False
Q14999	CUL7	False	False
Q76L83	ASXL2	False	False
Q9BWC9	CCDC106	False	False
Q9BWT7	CARD10	False	False
P10606	COX5B	False	False
Q86Y01	DTX1	False	False
P56545	CTBP2	False	False
Q92466	DDB2	False	False
P36404	ARL2	False	False
O14965	AURKA	False	False
Q13489	BIRC3	False	False
Q07817	BCL2L1	False	False
P38936	CDKN1A	False	False
P49716	CEBPD	True	False
P38432	COIL	False	False
P17302	GJA1	False	False
Q13490	BIRC2	False	False
Q13895	BYSL	False	False
Q16611	BAK1	False	False
O75052	NOS1AP	False	False
P17676	CEBPB	True	False
P00450	CP	False	False
Q15744	CEBPE	False	False
P24941	CDK2	False	False
Q00534	CDK6	False	False
P20711	DDC	False	False
P35638	DDIT3	False	False
P17844	DDX5	False	False
Q92841	DDX17	False	False
Q9H6S1	AZI2	False	False
Q00994	BEX3	False	False
Q15834	CCDC85B	False	False
P46108	CRK	False	False
Q8TEK3	DOT1L	False	False
Q676U5	ATG16L1	False	False
Q13541	EIF4EBP1	False	False
P49715	CEBPA	True	False
P24385	CCND1	False	False
Q12982	BNIP2	False	False
P33076	CIITA	False	False
Q6UUV7	CRTC3	False	False
Q16630	CPSF6	False	False
P42684	ABL2	False	False
O43918	AIRE	False	False
Q92888	ARHGEF1	False	False
Q07820	MCL1	False	False
P07196	NEFL	False	False
Q8WWR8	NEU4	False	False
P18031	PTPN1	False	False
P23467	PTPRB	False	False
P20338	RAB4A	False	False
P46060	RANGAP1	False	False
P20936	RASA1	False	False
Q01196	RUNX1	True	False
Q16637	SMN1/SMN2	False	False
P10826	RARB	False	False
Q9NS91	RAD18	False	False
O60216	RAD21	False	False
O75943	RAD17	False	False
P15927	RPA2	False	False
P49023	PXN	False	False
P27986	PIK3R1	False	False
O15055	PER2	False	False
P26045	PTPN3	False	False
P23468	PTPRD	False	False
Q16288	NTRK3	False	False
Q15256	PTPRR	False	False
Q99638	RAD9A	False	False
P27694	RPA1	False	False
Q9P0J0	NDUFA13	False	False
P41143	OPRD1	False	False
P23759	PAX7	False	False
Q15116	PDCD1	False	False
P19174	PLCG1	False	False
O00231	PSMD11	False	False
P49959	MRE11	False	False
P48039	MTNR1A	False	False
P16333	NCK1	False	False
P48454	PPP3CC	False	False
Q99570	PIK3R4	False	False
P29590	PML	False	False
P62136	PPP1CA	False	False
Q9NP31	SH2D2A	False	False
Q7Z6J0	SH3RF1	False	False
Q04864	REL	True	False
Q9Y272	RASD1	False	False
